store code	id	availability	quantity	price
00758851704873241325	shopify_ZZ_8861537337502_48211217711262	in_stock	3	39.00 HKD
00758851704873241325	shopify_ZZ_8835164930206_48142535196830	in_stock	6	39.00 HKD
00758851704873241325	shopify_ZZ_8863148048542_48215601381534	in_stock	5	149.00 HKD
00758851704873241325	shopify_ZZ_8863148179614_48215601643678	in_stock	9	149.00 HKD
00758851704873241325	shopify_ZZ_8863148212382_48215601676446	in_stock	5	349.00 HKD
00758851704873241325	shopify_ZZ_8863147983006_48215601315998	in_stock	7	149.00 HKD
00758851704873241325	shopify_ZZ_8861751083166_48212293288094	in_stock	15	38.00 HKD
00758851704873241325	shopify_ZZ_8861725294750_48212200030366	in_stock	8	38.00 HKD
00758851704873241325	shopify_ZZ_8861753507998_48212295876766	in_stock	11	39.00 HKD
00758851704873241325	shopify_ZZ_8861747642526_48212289650846	in_stock	16	39.00 HKD
00758851704873241325	shopify_ZZ_8861536649374_48211216072862	in_stock	5	39.00 HKD
00758851704873241325	shopify_ZZ_8861755768990_48212298268830	in_stock	9	39.00 HKD
00758851704873241325	shopify_ZZ_8861536092318_48211214467230	in_stock	9	39.00 HKD
00758851704873241325	shopify_ZZ_8861727490206_48212243579038	in_stock	3	38.00 HKD
00758851704873241325	shopify_ZZ_8861753802910_48212296171678	in_stock	11	39.00 HKD
00758851704873241325	shopify_ZZ_8862503108766_48214142877854	in_stock	6	39.00 HKD
00758851704873241325	shopify_ZZ_8861757931678_48212301086878	in_stock	6	39.00 HKD
00758851704873241325	shopify_ZZ_8861766385822_48212311376030	in_stock	18	89.00 HKD
00758851704873241325	shopify_ZZ_8861750198430_48212292370590	in_stock	12	39.00 HKD
00758851704873241325	shopify_ZZ_8861758292126_48212301349022	in_stock	7	39.00 HKD
00758851704873241325	shopify_ZZ_8861725098142_48212195606686	in_stock	7	39.00 HKD
00758851704873241325	shopify_ZZ_8861750493342_48212292665502	in_stock	12	39.00 HKD
00758851704873241325	shopify_ZZ_8861756129438_48212298629278	in_stock	9	39.00 HKD
00758851704873241325	shopify_ZZ_8861754491038_48212296859806	in_stock	10	39.00 HKD
00758851704873241325	shopify_ZZ_8861750755486_48212292927646	in_stock	11	39.00 HKD
00758851704873241325	shopify_ZZ_8861754196126_48212296564894	in_stock	10	39.00 HKD
00758851704873241325	shopify_ZZ_8861756588190_48212299088030	in_stock	6	39.00 HKD
00758851704873241325	shopify_ZZ_8861757046942_48212299546782	in_stock	8	39.00 HKD
00758851704873241325	shopify_ZZ_8861756784798_48212299284638	in_stock	8	39.00 HKD
00758851704873241325	shopify_ZZ_8861766516894_48212312916126	in_stock	8	138.00 HKD
00758851704873241325	shopify_ZZ_8861766779038_48212313309342	in_stock	7	138.00 HKD
00758851704873241325	shopify_ZZ_8861744726174_48212278706334	in_stock	14	65.00 HKD
00758851704873241325	shopify_ZZ_8861726048414_48212212875422	in_stock	4	25.00 HKD
00758851704873241325	shopify_ZZ_8861745053854_48212284211358	in_stock	16	65.00 HKD
00758851704873241325	shopify_ZZ_8861726212254_48212214841502	in_stock	6	25.00 HKD
00758851704873241325	shopify_ZZ_8861757309086_48212299808926	in_stock	6	65.00 HKD
00758851704873241325	shopify_ZZ_8861746495646_48212288241822	in_stock	6	158.00 HKD
00758851704873241325	shopify_ZZ_8861747839134_48212289847454	in_stock	6	98.00 HKD
00758851704873241325	shopify_ZZ_8862495932574_48214133866654	in_stock	5	98.00 HKD
00758851704873241325	shopify_ZZ_8861743317150_48212274413726	in_stock	15	59.00 HKD
00758851704873241325	shopify_ZZ_8861744365726_48212275462302	in_stock	15	59.00 HKD
00758851704873241325	shopify_ZZ_8861765795998_48212309409950	in_stock	33	59.00 HKD
00758851704873241325	shopify_ZZ_8861742465182_48212273496222	in_stock	18	59.00 HKD
00758851704873241325	shopify_ZZ_8862501994654_48214141763742	in_stock	7	59.00 HKD
00758851704873241325	shopify_ZZ_8862502551710_48214142320798	in_stock	7	59.00 HKD
00758851704873241325	shopify_ZZ_8862495441054_48214132719774	in_stock	6	79.00 HKD
00758851704873241325	shopify_ZZ_8861727850654_48212256719006	in_stock	3	65.00 HKD
00758851704873241325	shopify_ZZ_8861749411998_48212291584158	in_stock	10	59.00 HKD
00758851704873241325	shopify_ZZ_8862495146142_48214132359326	in_stock	11	158.00 HKD
00758851704873241325	shopify_ZZ_8862496391326_48214134947998	in_stock	7	55.00 HKD
00758851704873241325	shopify_ZZ_8861727817886_48212256686238	in_stock	5	59.00 HKD
00758851704873241325	shopify_ZZ_8861748396190_48212290502814	in_stock	4	135.00 HKD
00758851704873241325	shopify_ZZ_8861763371166_48212306493598	in_stock	17	135.00 HKD
00758851704873241325	shopify_ZZ_8861765763230_48212309377182	in_stock	12	135.00 HKD
00758851704873241325	shopify_ZZ_8861763076254_48212306133150	in_stock	17	135.00 HKD
00758851704873241325	shopify_ZZ_8861743546526_48212274643102	in_stock	6	135.00 HKD
00758851704873241325	shopify_ZZ_8861754785950_48212297154718	in_stock	12	35.00 HKD
00758851704873241325	shopify_ZZ_8861756326046_48212298825886	in_stock	11	35.00 HKD
00758851704873241325	shopify_ZZ_8861755048094_48212297547934	in_stock	12	35.00 HKD
00758851704873241325	shopify_ZZ_8861755277470_48212297777310	in_stock	12	35.00 HKD
00758851704873241325	shopify_ZZ_8862498848926_48214138290334	in_stock	6	39.00 HKD
00758851704873241325	shopify_ZZ_8862499438750_48214139207838	in_stock	3	39.00 HKD
00758851704873241325	shopify_ZZ_8861766942878_48212313735326	in_stock	24	39.00 HKD
00758851704873241325	shopify_ZZ_8861766910110_48212313473182	in_stock	24	39.00 HKD
00758851704873241325	shopify_ZZ_8861766615198_48212313014430	in_stock	9	118.00 HKD
00758851704873241325	shopify_ZZ_8861534126238_48211210305694	in_stock	5	118.00 HKD
00758851704873241325	shopify_ZZ_8861766582430_48212312981662	in_stock	9	118.00 HKD
00758851704873241325	shopify_ZZ_8861766877342_48212313440414	in_stock	8	118.00 HKD
00758851704873241325	shopify_ZZ_8861766647966_48212313047198	in_stock	9	118.00 HKD
00758851704873241325	shopify_ZZ_8861766320286_48212311310494	in_stock	11	118.00 HKD
00758851704873241325	shopify_ZZ_8861748854942_48212291027102	in_stock	6	79.00 HKD
00758851704873241325	shopify_ZZ_8861749117086_48212291289246	in_stock	6	79.00 HKD
00758851704873241325	shopify_ZZ_8863431622814_48216186716318	in_stock	4	38.00 HKD
00758851704873241325	shopify_ZZ_8861533864094_48211209748638	in_stock	10	68.00 HKD
00758851704873241325	shopify_ZZ_8861534519454_48211211223198	in_stock	7	39.00 HKD
00758851704873241325	shopify_ZZ_8861766254750_48212311015582	in_stock	10	148.00 HKD
00758851704873241325	shopify_ZZ_8861534421150_48211210993822	in_stock	7	65.00 HKD
00758851704873241325	shopify_ZZ_8861766156446_48212310884510	in_stock	11	138.00 HKD
00758851704873241325	shopify_ZZ_8862498029726_48214137471134	in_stock	19	21.00 HKD
00758851704873241325	shopify_ZZ_8861765927070_48212310229150	in_stock	6	268.00 HKD
00758851704873241325	shopify_ZZ_8861532192926_48211205947550	in_stock	4	168.00 HKD
00758851704873241325	shopify_ZZ_8861766287518_48212311048350	in_stock	8	168.00 HKD
00758851704873241325	shopify_ZZ_8861746200734_48212287946910	in_stock	7	99.00 HKD
00758851704873241325	shopify_ZZ_8861765468318_48212308951198	in_stock	6	288.00 HKD
00758851704873241325	shopify_ZZ_8861747151006_48212289159326	in_stock	5	138.00 HKD
00758851704873241325	shopify_ZZ_8861748592798_48212290764958	in_stock	2	288.00 HKD
00758851704873241325	shopify_ZZ_8861764681886_48212308066462	in_stock	12	148.00 HKD
00758851704873241325	shopify_ZZ_8861532487838_48211206701214	in_stock	6	99.00 HKD
00758851704873241325	shopify_ZZ_8861762617502_48212305674398	in_stock	10	298.00 HKD
00758851704873241325	shopify_ZZ_8862494589086_48214131277982	in_stock	6	318.00 HKD
00758851704873241325	shopify_ZZ_8861532717214_48211207356574	in_stock	3	158.00 HKD
00758851704873241325	shopify_ZZ_8861743841438_48212274938014	in_stock	8	99.00 HKD
00758851704873241325	shopify_ZZ_8861763993758_48212307148958	in_stock	15	168.00 HKD
00758851704873241325	shopify_ZZ_8861740859550_48212271726750	in_stock	6	158.00 HKD
00758851704873241325	shopify_ZZ_8861766353054_48212311343262	in_stock	6	198.00 HKD
00758851704873241325	shopify_ZZ_8861765730462_48212309344414	in_stock	11	168.00 HKD
00758851704873241325	shopify_ZZ_8861532323998_48211206242462	in_stock	4	158.00 HKD
00758851704873241325	shopify_ZZ_8826889470110_48109106823326	out_of_stock	0	158.00 HKD
00758851704873241325	shopify_ZZ_8826889470110_48109106954398	out_of_stock	0	158.00 HKD
00758851704873241325	shopify_ZZ_8826889470110_48109106987166	out_of_stock	0	158.00 HKD
00758851704873241325	shopify_ZZ_8826889470110_48109107019934	out_of_stock	0	158.00 HKD
00758851704873241325	shopify_ZZ_8826889470110_48109107052702	out_of_stock	0	158.00 HKD
00758851704873241325	shopify_ZZ_8826889470110_48109107085470	out_of_stock	0	158.00 HKD
00758851704873241325	shopify_ZZ_8826889470110_48109107118238	out_of_stock	0	158.00 HKD
00758851704873241325	shopify_ZZ_8826889470110_48109107151006	out_of_stock	0	158.00 HKD
00758851704873241325	shopify_ZZ_8826889470110_48109107183774	out_of_stock	0	158.00 HKD
00758851704873241325	shopify_ZZ_8826889470110_48109107216542	out_of_stock	0	158.00 HKD
00758851704873241325	shopify_ZZ_8826889470110_48109107249310	out_of_stock	0	158.00 HKD
00758851704873241325	shopify_ZZ_8826889470110_48109107282078	out_of_stock	0	158.00 HKD
00758851704873241325	shopify_ZZ_8826889470110_48109107314846	out_of_stock	0	158.00 HKD
00758851704873241325	shopify_ZZ_8826889470110_48109107347614	out_of_stock	0	158.00 HKD
00758851704873241325	shopify_ZZ_8826889470110_48109107380382	out_of_stock	0	158.00 HKD
00758851704873241325	shopify_ZZ_8826889470110_48109107413150	out_of_stock	0	158.00 HKD
00758851704873241325	shopify_ZZ_8826889470110_48109107445918	out_of_stock	0	158.00 HKD
00758851704873241325	shopify_ZZ_8826889470110_48109107478686	out_of_stock	0	158.00 HKD
00758851704873241325	shopify_ZZ_8826889470110_48109107544222	out_of_stock	0	158.00 HKD
00758851704873241325	shopify_ZZ_8826889470110_48109107609758	out_of_stock	0	158.00 HKD
00758851704873241325	shopify_ZZ_8826907328670_48109179633822	out_of_stock	0	158.00 HKD
00758851704873241325	shopify_ZZ_8826907328670_48109179764894	out_of_stock	0	158.00 HKD
00758851704873241325	shopify_ZZ_8826907328670_48109179797662	out_of_stock	0	158.00 HKD
00758851704873241325	shopify_ZZ_8826907328670_48109179830430	out_of_stock	0	158.00 HKD
00758851704873241325	shopify_ZZ_8826907328670_48109179863198	out_of_stock	0	158.00 HKD
00758851704873241325	shopify_ZZ_8826907328670_48109179895966	out_of_stock	0	158.00 HKD
00758851704873241325	shopify_ZZ_8826907328670_48109179928734	out_of_stock	0	158.00 HKD
00758851704873241325	shopify_ZZ_8826907328670_48109179961502	out_of_stock	0	158.00 HKD
00758851704873241325	shopify_ZZ_8826907328670_48109179994270	out_of_stock	0	158.00 HKD
00758851704873241325	shopify_ZZ_8826907328670_48109180027038	out_of_stock	0	158.00 HKD
00758851704873241325	shopify_ZZ_8826907328670_48109180059806	out_of_stock	0	158.00 HKD
00758851704873241325	shopify_ZZ_8826907328670_48109180092574	out_of_stock	0	158.00 HKD
00758851704873241325	shopify_ZZ_8826907328670_48109180125342	out_of_stock	0	158.00 HKD
00758851704873241325	shopify_ZZ_8826907328670_48109180158110	out_of_stock	0	158.00 HKD
00758851704873241325	shopify_ZZ_8826907328670_48109180190878	out_of_stock	0	158.00 HKD
00758851704873241325	shopify_ZZ_8826907328670_48109180223646	out_of_stock	0	158.00 HKD
00758851704873241325	shopify_ZZ_8826907328670_48109180256414	out_of_stock	0	158.00 HKD
00758851704873241325	shopify_ZZ_8826907328670_48109180289182	out_of_stock	0	158.00 HKD
00758851704873241325	shopify_ZZ_8826907328670_48109180354718	out_of_stock	0	158.00 HKD
00758851704873241325	shopify_ZZ_8826907328670_48109180420254	out_of_stock	0	158.00 HKD
00758851704873241325	shopify_ZZ_8826907689118_48109181763742	out_of_stock	0	158.00 HKD
00758851704873241325	shopify_ZZ_8826907689118_48109181894814	out_of_stock	0	158.00 HKD
00758851704873241325	shopify_ZZ_8826907689118_48109181927582	out_of_stock	0	158.00 HKD
00758851704873241325	shopify_ZZ_8826907689118_48109181960350	out_of_stock	0	158.00 HKD
00758851704873241325	shopify_ZZ_8826907689118_48109181993118	out_of_stock	0	158.00 HKD
00758851704873241325	shopify_ZZ_8826907689118_48109182025886	out_of_stock	0	158.00 HKD
00758851704873241325	shopify_ZZ_8826907689118_48109182058654	out_of_stock	0	158.00 HKD
00758851704873241325	shopify_ZZ_8826907689118_48109182091422	out_of_stock	0	158.00 HKD
00758851704873241325	shopify_ZZ_8826907689118_48109182124190	out_of_stock	0	158.00 HKD
00758851704873241325	shopify_ZZ_8826907689118_48109182156958	out_of_stock	0	158.00 HKD
00758851704873241325	shopify_ZZ_8826907689118_48109182189726	out_of_stock	0	158.00 HKD
00758851704873241325	shopify_ZZ_8826907689118_48109182222494	out_of_stock	0	158.00 HKD
00758851704873241325	shopify_ZZ_8826907689118_48109182255262	out_of_stock	0	158.00 HKD
00758851704873241325	shopify_ZZ_8826907689118_48109182288030	out_of_stock	0	158.00 HKD
00758851704873241325	shopify_ZZ_8826907689118_48109182320798	out_of_stock	0	158.00 HKD
00758851704873241325	shopify_ZZ_8826907689118_48109182353566	out_of_stock	0	158.00 HKD
00758851704873241325	shopify_ZZ_8826907689118_48109182386334	out_of_stock	0	158.00 HKD
00758851704873241325	shopify_ZZ_8826907689118_48109182419102	out_of_stock	0	158.00 HKD
00758851704873241325	shopify_ZZ_8826907689118_48109182484638	out_of_stock	0	158.00 HKD
00758851704873241325	shopify_ZZ_8826907689118_48109182550174	out_of_stock	0	158.00 HKD
00758851704873241325	shopify_ZZ_8826969948318_48109432766622	out_of_stock	0	158.00 HKD
00758851704873241325	shopify_ZZ_8826969948318_48109432897694	out_of_stock	0	158.00 HKD
00758851704873241325	shopify_ZZ_8826969948318_48109432930462	out_of_stock	0	158.00 HKD
00758851704873241325	shopify_ZZ_8826969948318_48109432963230	out_of_stock	0	158.00 HKD
00758851704873241325	shopify_ZZ_8826969948318_48109432995998	out_of_stock	0	158.00 HKD
00758851704873241325	shopify_ZZ_8826969948318_48109433028766	out_of_stock	0	158.00 HKD
00758851704873241325	shopify_ZZ_8826969948318_48109433061534	out_of_stock	0	158.00 HKD
00758851704873241325	shopify_ZZ_8826969948318_48109433094302	out_of_stock	0	158.00 HKD
00758851704873241325	shopify_ZZ_8826969948318_48109433127070	out_of_stock	0	158.00 HKD
00758851704873241325	shopify_ZZ_8826969948318_48109433159838	out_of_stock	0	158.00 HKD
00758851704873241325	shopify_ZZ_8826969948318_48109433192606	out_of_stock	0	158.00 HKD
00758851704873241325	shopify_ZZ_8826969948318_48109433225374	out_of_stock	0	158.00 HKD
00758851704873241325	shopify_ZZ_8826969948318_48109433258142	out_of_stock	0	158.00 HKD
00758851704873241325	shopify_ZZ_8826969948318_48109433290910	out_of_stock	0	158.00 HKD
00758851704873241325	shopify_ZZ_8826969948318_48109433323678	out_of_stock	0	158.00 HKD
00758851704873241325	shopify_ZZ_8826969948318_48109433356446	out_of_stock	0	158.00 HKD
00758851704873241325	shopify_ZZ_8826969948318_48109433389214	out_of_stock	0	158.00 HKD
00758851704873241325	shopify_ZZ_8826969948318_48109433421982	out_of_stock	0	158.00 HKD
00758851704873241325	shopify_ZZ_8826969948318_48109433487518	out_of_stock	0	158.00 HKD
00758851704873241325	shopify_ZZ_8826969948318_48109433553054	out_of_stock	0	158.00 HKD
00758851704873241325	shopify_ZZ_8863147327646_48215600038046	in_stock	1	148.00 HKD
00758851704873241325	shopify_ZZ_8863418515614_48216166432926	in_stock	4	148.00 HKD
00758851704873241325	shopify_ZZ_8861535731870_48211213615262	in_stock	5	15.00 HKD
00758851704873241325	shopify_ZZ_8861537665182_48211218595998	in_stock	12	15.00 HKD
00758851704873241325	shopify_ZZ_8861537861790_48211219415198	in_stock	11	15.00 HKD
00758851704873241325	shopify_ZZ_8863419826334_48216167776414	in_stock	8	102.00 HKD
00758851704873241325	shopify_ZZ_8863422546078_48216170758302	in_stock	2	158.00 HKD
00758851704873241325	shopify_ZZ_8861765959838_48212310261918	in_stock	20	99.00 HKD
00758851704873241325	shopify_ZZ_8861766680734_48212313079966	in_stock	11	99.00 HKD
00758851704873241325	shopify_ZZ_8861766123678_48212310851742	in_stock	11	138.00 HKD
00758851704873241325	shopify_ZZ_8861766025374_48212310327454	in_stock	12	138.00 HKD
00758851704873241325	shopify_ZZ_8861741187230_48212272054430	in_stock	8	109.00 HKD
00758851704873241325	shopify_ZZ_8863423037598_48216171282590	in_stock	4	85.00 HKD
00758851704873241325	shopify_ZZ_8863420645534_48216168693918	in_stock	3	85.00 HKD
00758851704873241325	shopify_ZZ_8863147753630_48215600562334	in_stock	8	85.00 HKD
00758851704873241325	shopify_ZZ_8863147393182_48215600201886	in_stock	6	85.00 HKD
00758851704873241325	shopify_ZZ_8863420973214_48216169185438	in_stock	3	85.00 HKD
00758851704873241325	shopify_ZZ_8863147425950_48215600234654	in_stock	3	85.00 HKD
00758851704873241325	shopify_ZZ_8829355983006_48116538245278	in_stock	3	168.00 HKD
00758851704873241325	shopify_ZZ_8862497767582_48214137208990	in_stock	6	128.00 HKD
00758851704873241325	shopify_ZZ_8826796736670_48108731433118	out_of_stock	0	158.00 HKD
00758851704873241325	shopify_ZZ_8826796736670_48108731564190	out_of_stock	0	158.00 HKD
00758851704873241325	shopify_ZZ_8826796736670_48108731596958	out_of_stock	0	158.00 HKD
00758851704873241325	shopify_ZZ_8826796736670_48108731629726	out_of_stock	0	158.00 HKD
00758851704873241325	shopify_ZZ_8826796736670_48108731662494	out_of_stock	0	158.00 HKD
00758851704873241325	shopify_ZZ_8826796736670_48108731695262	out_of_stock	0	158.00 HKD
00758851704873241325	shopify_ZZ_8826796736670_48108731728030	out_of_stock	0	158.00 HKD
00758851704873241325	shopify_ZZ_8826796736670_48108731760798	out_of_stock	0	158.00 HKD
00758851704873241325	shopify_ZZ_8826796736670_48108731793566	out_of_stock	0	158.00 HKD
00758851704873241325	shopify_ZZ_8826796736670_48108731826334	out_of_stock	0	158.00 HKD
00758851704873241325	shopify_ZZ_8826796736670_48108731859102	out_of_stock	0	158.00 HKD
00758851704873241325	shopify_ZZ_8826796736670_48108731891870	out_of_stock	0	158.00 HKD
00758851704873241325	shopify_ZZ_8826796736670_48108731924638	out_of_stock	0	158.00 HKD
00758851704873241325	shopify_ZZ_8826796736670_48108731957406	out_of_stock	0	158.00 HKD
00758851704873241325	shopify_ZZ_8826796736670_48108731990174	out_of_stock	0	158.00 HKD
00758851704873241325	shopify_ZZ_8826796736670_48108732022942	out_of_stock	0	158.00 HKD
00758851704873241325	shopify_ZZ_8826796736670_48108732055710	out_of_stock	0	158.00 HKD
00758851704873241325	shopify_ZZ_8826796736670_48108732088478	out_of_stock	0	158.00 HKD
00758851704873241325	shopify_ZZ_8826796736670_48108732154014	out_of_stock	0	158.00 HKD
00758851704873241325	shopify_ZZ_8826796736670_48108732219550	out_of_stock	0	158.00 HKD
00758851704873241325	shopify_ZZ_8826822885534_48108836126878	out_of_stock	0	158.00 HKD
00758851704873241325	shopify_ZZ_8826822885534_48108836257950	out_of_stock	0	158.00 HKD
00758851704873241325	shopify_ZZ_8826822885534_48108836290718	out_of_stock	0	158.00 HKD
00758851704873241325	shopify_ZZ_8826822885534_48108836323486	out_of_stock	0	158.00 HKD
00758851704873241325	shopify_ZZ_8826822885534_48108836356254	out_of_stock	0	158.00 HKD
00758851704873241325	shopify_ZZ_8826822885534_48108836389022	out_of_stock	0	158.00 HKD
00758851704873241325	shopify_ZZ_8826822885534_48108836421790	out_of_stock	0	158.00 HKD
00758851704873241325	shopify_ZZ_8826822885534_48108836454558	out_of_stock	0	158.00 HKD
00758851704873241325	shopify_ZZ_8826822885534_48108836487326	out_of_stock	0	158.00 HKD
00758851704873241325	shopify_ZZ_8826822885534_48108836520094	out_of_stock	0	158.00 HKD
00758851704873241325	shopify_ZZ_8826822885534_48108836552862	out_of_stock	0	158.00 HKD
00758851704873241325	shopify_ZZ_8826822885534_48108836585630	out_of_stock	0	158.00 HKD
00758851704873241325	shopify_ZZ_8826822885534_48108836618398	out_of_stock	0	158.00 HKD
00758851704873241325	shopify_ZZ_8826822885534_48108836651166	out_of_stock	0	158.00 HKD
00758851704873241325	shopify_ZZ_8826822885534_48108836683934	out_of_stock	0	158.00 HKD
00758851704873241325	shopify_ZZ_8826822885534_48108836716702	out_of_stock	0	158.00 HKD
00758851704873241325	shopify_ZZ_8826822885534_48108836749470	out_of_stock	0	158.00 HKD
00758851704873241325	shopify_ZZ_8826822885534_48108836782238	out_of_stock	0	158.00 HKD
00758851704873241325	shopify_ZZ_8826822885534_48108836847774	out_of_stock	0	158.00 HKD
00758851704873241325	shopify_ZZ_8826822885534_48108836913310	out_of_stock	0	158.00 HKD
00758851704873241325	shopify_ZZ_8826642825374_48108118016158	out_of_stock	0	158.00 HKD
00758851704873241325	shopify_ZZ_8826642825374_48108118147230	out_of_stock	0	158.00 HKD
00758851704873241325	shopify_ZZ_8826642825374_48108118179998	out_of_stock	0	158.00 HKD
00758851704873241325	shopify_ZZ_8826642825374_48108118212766	out_of_stock	0	158.00 HKD
00758851704873241325	shopify_ZZ_8826642825374_48108118245534	out_of_stock	0	158.00 HKD
00758851704873241325	shopify_ZZ_8826642825374_48108118278302	out_of_stock	0	158.00 HKD
00758851704873241325	shopify_ZZ_8826642825374_48108118311070	out_of_stock	0	158.00 HKD
00758851704873241325	shopify_ZZ_8826642825374_48108118343838	out_of_stock	0	158.00 HKD
00758851704873241325	shopify_ZZ_8826642825374_48108118376606	out_of_stock	0	158.00 HKD
00758851704873241325	shopify_ZZ_8826642825374_48108118409374	out_of_stock	0	158.00 HKD
00758851704873241325	shopify_ZZ_8826642825374_48108118442142	out_of_stock	0	158.00 HKD
00758851704873241325	shopify_ZZ_8826642825374_48108118474910	out_of_stock	0	158.00 HKD
00758851704873241325	shopify_ZZ_8826642825374_48108118507678	out_of_stock	0	158.00 HKD
00758851704873241325	shopify_ZZ_8826642825374_48108118540446	out_of_stock	0	158.00 HKD
00758851704873241325	shopify_ZZ_8826642825374_48108118573214	out_of_stock	0	158.00 HKD
00758851704873241325	shopify_ZZ_8826642825374_48108118605982	out_of_stock	0	158.00 HKD
00758851704873241325	shopify_ZZ_8826642825374_48108118638750	out_of_stock	0	158.00 HKD
00758851704873241325	shopify_ZZ_8826642825374_48108118671518	out_of_stock	0	158.00 HKD
00758851704873241325	shopify_ZZ_8826642825374_48108118737054	out_of_stock	0	158.00 HKD
00758851704873241325	shopify_ZZ_8826642825374_48108118802590	out_of_stock	0	158.00 HKD
00758851704873241325	shopify_ZZ_8826844643486_48108924338334	out_of_stock	0	158.00 HKD
00758851704873241325	shopify_ZZ_8826844643486_48108924469406	out_of_stock	0	158.00 HKD
00758851704873241325	shopify_ZZ_8826844643486_48108924502174	out_of_stock	0	158.00 HKD
00758851704873241325	shopify_ZZ_8826844643486_48108924534942	out_of_stock	0	158.00 HKD
00758851704873241325	shopify_ZZ_8826844643486_48108924567710	out_of_stock	0	158.00 HKD
00758851704873241325	shopify_ZZ_8826844643486_48108924600478	out_of_stock	0	158.00 HKD
00758851704873241325	shopify_ZZ_8826844643486_48108924633246	out_of_stock	0	158.00 HKD
00758851704873241325	shopify_ZZ_8826844643486_48108924666014	out_of_stock	0	158.00 HKD
00758851704873241325	shopify_ZZ_8826844643486_48108924698782	out_of_stock	0	158.00 HKD
00758851704873241325	shopify_ZZ_8826844643486_48108924731550	out_of_stock	0	158.00 HKD
00758851704873241325	shopify_ZZ_8826844643486_48108924764318	out_of_stock	0	158.00 HKD
00758851704873241325	shopify_ZZ_8826844643486_48108924797086	out_of_stock	0	158.00 HKD
00758851704873241325	shopify_ZZ_8826844643486_48108924829854	out_of_stock	0	158.00 HKD
00758851704873241325	shopify_ZZ_8826844643486_48108924862622	out_of_stock	0	158.00 HKD
00758851704873241325	shopify_ZZ_8826844643486_48108924895390	out_of_stock	0	158.00 HKD
00758851704873241325	shopify_ZZ_8826844643486_48108924928158	out_of_stock	0	158.00 HKD
00758851704873241325	shopify_ZZ_8826844643486_48108924960926	out_of_stock	0	158.00 HKD
00758851704873241325	shopify_ZZ_8826844643486_48108924993694	out_of_stock	0	158.00 HKD
00758851704873241325	shopify_ZZ_8826844643486_48108925059230	out_of_stock	0	158.00 HKD
00758851704873241325	shopify_ZZ_8826844643486_48108925124766	out_of_stock	0	158.00 HKD
00758851704873241325	shopify_ZZ_8827169177758_48110237974686	out_of_stock	0	158.00 HKD
00758851704873241325	shopify_ZZ_8827169177758_48110238105758	out_of_stock	0	158.00 HKD
00758851704873241325	shopify_ZZ_8827169177758_48110238138526	out_of_stock	0	158.00 HKD
00758851704873241325	shopify_ZZ_8827169177758_48110238171294	out_of_stock	0	158.00 HKD
00758851704873241325	shopify_ZZ_8827169177758_48110238204062	out_of_stock	0	158.00 HKD
00758851704873241325	shopify_ZZ_8827169177758_48110238236830	out_of_stock	0	158.00 HKD
00758851704873241325	shopify_ZZ_8827169177758_48110238269598	out_of_stock	0	158.00 HKD
00758851704873241325	shopify_ZZ_8827169177758_48110238302366	out_of_stock	0	158.00 HKD
00758851704873241325	shopify_ZZ_8827169177758_48110238335134	out_of_stock	0	158.00 HKD
00758851704873241325	shopify_ZZ_8827169177758_48110238367902	out_of_stock	0	158.00 HKD
00758851704873241325	shopify_ZZ_8827169177758_48110238400670	out_of_stock	0	158.00 HKD
00758851704873241325	shopify_ZZ_8827169177758_48110238433438	out_of_stock	0	158.00 HKD
00758851704873241325	shopify_ZZ_8827169177758_48110238466206	out_of_stock	0	158.00 HKD
00758851704873241325	shopify_ZZ_8827169177758_48110238498974	out_of_stock	0	158.00 HKD
00758851704873241325	shopify_ZZ_8827169177758_48110238531742	out_of_stock	0	158.00 HKD
00758851704873241325	shopify_ZZ_8827169177758_48110238564510	out_of_stock	0	158.00 HKD
00758851704873241325	shopify_ZZ_8827169177758_48110238597278	out_of_stock	0	158.00 HKD
00758851704873241325	shopify_ZZ_8827169177758_48110238630046	out_of_stock	0	158.00 HKD
00758851704873241325	shopify_ZZ_8827169177758_48110238695582	out_of_stock	0	158.00 HKD
00758851704873241325	shopify_ZZ_8827169177758_48110238761118	out_of_stock	0	158.00 HKD
00758851704873241325	shopify_ZZ_8827184808094_48110305214622	out_of_stock	0	158.00 HKD
00758851704873241325	shopify_ZZ_8827184808094_48110305345694	out_of_stock	0	158.00 HKD
00758851704873241325	shopify_ZZ_8827184808094_48110305378462	out_of_stock	0	158.00 HKD
00758851704873241325	shopify_ZZ_8827184808094_48110305411230	out_of_stock	0	158.00 HKD
00758851704873241325	shopify_ZZ_8827184808094_48110305443998	out_of_stock	0	158.00 HKD
00758851704873241325	shopify_ZZ_8827184808094_48110305476766	out_of_stock	0	158.00 HKD
00758851704873241325	shopify_ZZ_8827184808094_48110305509534	out_of_stock	0	158.00 HKD
00758851704873241325	shopify_ZZ_8827184808094_48110305542302	out_of_stock	0	158.00 HKD
00758851704873241325	shopify_ZZ_8827184808094_48110305575070	out_of_stock	0	158.00 HKD
00758851704873241325	shopify_ZZ_8827184808094_48110305607838	out_of_stock	0	158.00 HKD
00758851704873241325	shopify_ZZ_8827184808094_48110305640606	out_of_stock	0	158.00 HKD
00758851704873241325	shopify_ZZ_8827184808094_48110305673374	out_of_stock	0	158.00 HKD
00758851704873241325	shopify_ZZ_8827184808094_48110305706142	out_of_stock	0	158.00 HKD
00758851704873241325	shopify_ZZ_8827184808094_48110305738910	out_of_stock	0	158.00 HKD
00758851704873241325	shopify_ZZ_8827184808094_48110305771678	out_of_stock	0	158.00 HKD
00758851704873241325	shopify_ZZ_8827184808094_48110305804446	out_of_stock	0	158.00 HKD
00758851704873241325	shopify_ZZ_8827184808094_48110305837214	out_of_stock	0	158.00 HKD
00758851704873241325	shopify_ZZ_8827184808094_48110305869982	out_of_stock	0	158.00 HKD
00758851704873241325	shopify_ZZ_8827184808094_48110305935518	out_of_stock	0	158.00 HKD
00758851704873241325	shopify_ZZ_8827184808094_48110306001054	out_of_stock	0	158.00 HKD
00758851704873241325	shopify_ZZ_8827171176606_48110249476254	out_of_stock	0	158.00 HKD
00758851704873241325	shopify_ZZ_8827171176606_48110249607326	out_of_stock	0	158.00 HKD
00758851704873241325	shopify_ZZ_8827171176606_48110249640094	out_of_stock	0	158.00 HKD
00758851704873241325	shopify_ZZ_8827171176606_48110249672862	out_of_stock	0	158.00 HKD
00758851704873241325	shopify_ZZ_8827171176606_48110249705630	out_of_stock	0	158.00 HKD
00758851704873241325	shopify_ZZ_8827171176606_48110249738398	out_of_stock	0	158.00 HKD
00758851704873241325	shopify_ZZ_8827171176606_48110249771166	out_of_stock	0	158.00 HKD
00758851704873241325	shopify_ZZ_8827171176606_48110249803934	out_of_stock	0	158.00 HKD
00758851704873241325	shopify_ZZ_8827171176606_48110249836702	out_of_stock	0	158.00 HKD
00758851704873241325	shopify_ZZ_8827171176606_48110249869470	out_of_stock	0	158.00 HKD
00758851704873241325	shopify_ZZ_8827171176606_48110249902238	out_of_stock	0	158.00 HKD
00758851704873241325	shopify_ZZ_8827171176606_48110249935006	out_of_stock	0	158.00 HKD
00758851704873241325	shopify_ZZ_8827171176606_48110249967774	out_of_stock	0	158.00 HKD
00758851704873241325	shopify_ZZ_8827171176606_48110250000542	out_of_stock	0	158.00 HKD
00758851704873241325	shopify_ZZ_8827171176606_48110250033310	out_of_stock	0	158.00 HKD
00758851704873241325	shopify_ZZ_8827171176606_48110250066078	out_of_stock	0	158.00 HKD
00758851704873241325	shopify_ZZ_8827171176606_48110250098846	out_of_stock	0	158.00 HKD
00758851704873241325	shopify_ZZ_8827171176606_48110250131614	out_of_stock	0	158.00 HKD
00758851704873241325	shopify_ZZ_8827171176606_48110250197150	out_of_stock	0	158.00 HKD
00758851704873241325	shopify_ZZ_8827171176606_48110250262686	out_of_stock	0	158.00 HKD
00758851704873241325	shopify_ZZ_8827171143838_48110248657054	out_of_stock	0	158.00 HKD
00758851704873241325	shopify_ZZ_8827171143838_48110248788126	out_of_stock	0	158.00 HKD
00758851704873241325	shopify_ZZ_8827171143838_48110248820894	out_of_stock	0	158.00 HKD
00758851704873241325	shopify_ZZ_8827171143838_48110248853662	out_of_stock	0	158.00 HKD
00758851704873241325	shopify_ZZ_8827171143838_48110248886430	out_of_stock	0	158.00 HKD
00758851704873241325	shopify_ZZ_8827171143838_48110248919198	out_of_stock	0	158.00 HKD
00758851704873241325	shopify_ZZ_8827171143838_48110248951966	out_of_stock	0	158.00 HKD
00758851704873241325	shopify_ZZ_8827171143838_48110248984734	out_of_stock	0	158.00 HKD
00758851704873241325	shopify_ZZ_8827171143838_48110249017502	out_of_stock	0	158.00 HKD
00758851704873241325	shopify_ZZ_8827171143838_48110249050270	out_of_stock	0	158.00 HKD
00758851704873241325	shopify_ZZ_8827171143838_48110249083038	out_of_stock	0	158.00 HKD
00758851704873241325	shopify_ZZ_8827171143838_48110249115806	out_of_stock	0	158.00 HKD
00758851704873241325	shopify_ZZ_8827171143838_48110249148574	out_of_stock	0	158.00 HKD
00758851704873241325	shopify_ZZ_8827171143838_48110249181342	out_of_stock	0	158.00 HKD
00758851704873241325	shopify_ZZ_8827171143838_48110249214110	out_of_stock	0	158.00 HKD
00758851704873241325	shopify_ZZ_8827171143838_48110249246878	out_of_stock	0	158.00 HKD
00758851704873241325	shopify_ZZ_8827171143838_48110249279646	out_of_stock	0	158.00 HKD
00758851704873241325	shopify_ZZ_8827171143838_48110249312414	out_of_stock	0	158.00 HKD
00758851704873241325	shopify_ZZ_8827171143838_48110249377950	out_of_stock	0	158.00 HKD
00758851704873241325	shopify_ZZ_8827171143838_48110249443486	out_of_stock	0	158.00 HKD
00758851704873241325	shopify_ZZ_8827162394782_48110210056350	out_of_stock	0	158.00 HKD
00758851704873241325	shopify_ZZ_8827162394782_48110210187422	out_of_stock	0	158.00 HKD
00758851704873241325	shopify_ZZ_8827162394782_48110210220190	out_of_stock	0	158.00 HKD
00758851704873241325	shopify_ZZ_8827162394782_48110210252958	out_of_stock	0	158.00 HKD
00758851704873241325	shopify_ZZ_8827162394782_48110210285726	out_of_stock	0	158.00 HKD
00758851704873241325	shopify_ZZ_8827162394782_48110210318494	out_of_stock	0	158.00 HKD
00758851704873241325	shopify_ZZ_8827162394782_48110210351262	out_of_stock	0	158.00 HKD
00758851704873241325	shopify_ZZ_8827162394782_48110210384030	out_of_stock	0	158.00 HKD
00758851704873241325	shopify_ZZ_8827162394782_48110210416798	out_of_stock	0	158.00 HKD
00758851704873241325	shopify_ZZ_8827162394782_48110210449566	out_of_stock	0	158.00 HKD
00758851704873241325	shopify_ZZ_8827162394782_48110210482334	out_of_stock	0	158.00 HKD
00758851704873241325	shopify_ZZ_8827162394782_48110210515102	out_of_stock	0	158.00 HKD
00758851704873241325	shopify_ZZ_8827162394782_48110210547870	out_of_stock	0	158.00 HKD
00758851704873241325	shopify_ZZ_8827162394782_48110210580638	out_of_stock	0	158.00 HKD
00758851704873241325	shopify_ZZ_8827162394782_48110210613406	out_of_stock	0	158.00 HKD
00758851704873241325	shopify_ZZ_8827162394782_48110210646174	out_of_stock	0	158.00 HKD
00758851704873241325	shopify_ZZ_8827162394782_48110210678942	out_of_stock	0	158.00 HKD
00758851704873241325	shopify_ZZ_8827162394782_48110210711710	out_of_stock	0	158.00 HKD
00758851704873241325	shopify_ZZ_8827162394782_48110210777246	out_of_stock	0	158.00 HKD
00758851704873241325	shopify_ZZ_8827162394782_48110210842782	out_of_stock	0	158.00 HKD
00758851704873241325	shopify_ZZ_8827231731870_48110497202334	out_of_stock	0	158.00 HKD
00758851704873241325	shopify_ZZ_8827231731870_48110497333406	out_of_stock	0	158.00 HKD
00758851704873241325	shopify_ZZ_8827231731870_48110497366174	out_of_stock	0	158.00 HKD
00758851704873241325	shopify_ZZ_8827231731870_48110497398942	out_of_stock	0	158.00 HKD
00758851704873241325	shopify_ZZ_8827231731870_48110497431710	out_of_stock	0	158.00 HKD
00758851704873241325	shopify_ZZ_8827231731870_48110497464478	out_of_stock	0	158.00 HKD
00758851704873241325	shopify_ZZ_8827231731870_48110497497246	out_of_stock	0	158.00 HKD
00758851704873241325	shopify_ZZ_8827231731870_48110497530014	out_of_stock	0	158.00 HKD
00758851704873241325	shopify_ZZ_8827231731870_48110497562782	out_of_stock	0	158.00 HKD
00758851704873241325	shopify_ZZ_8827231731870_48110497595550	out_of_stock	0	158.00 HKD
00758851704873241325	shopify_ZZ_8827231731870_48110497628318	out_of_stock	0	158.00 HKD
00758851704873241325	shopify_ZZ_8827231731870_48110497661086	out_of_stock	0	158.00 HKD
00758851704873241325	shopify_ZZ_8827231731870_48110497693854	out_of_stock	0	158.00 HKD
00758851704873241325	shopify_ZZ_8827231731870_48110497726622	out_of_stock	0	158.00 HKD
00758851704873241325	shopify_ZZ_8827231731870_48110497759390	out_of_stock	0	158.00 HKD
00758851704873241325	shopify_ZZ_8827231731870_48110497792158	out_of_stock	0	158.00 HKD
00758851704873241325	shopify_ZZ_8827231731870_48110497824926	out_of_stock	0	158.00 HKD
00758851704873241325	shopify_ZZ_8827231731870_48110497857694	out_of_stock	0	158.00 HKD
00758851704873241325	shopify_ZZ_8827231731870_48110497923230	out_of_stock	0	158.00 HKD
00758851704873241325	shopify_ZZ_8827231731870_48110497988766	out_of_stock	0	158.00 HKD
00758851704873241325	shopify_ZZ_8827305722014_48110796341406	out_of_stock	0	158.00 HKD
00758851704873241325	shopify_ZZ_8827305722014_48110796472478	out_of_stock	0	158.00 HKD
00758851704873241325	shopify_ZZ_8827305722014_48110796505246	out_of_stock	0	158.00 HKD
00758851704873241325	shopify_ZZ_8827305722014_48110796538014	out_of_stock	0	158.00 HKD
00758851704873241325	shopify_ZZ_8827305722014_48110796570782	out_of_stock	0	158.00 HKD
00758851704873241325	shopify_ZZ_8827305722014_48110796603550	out_of_stock	0	158.00 HKD
00758851704873241325	shopify_ZZ_8827305722014_48110796636318	out_of_stock	0	158.00 HKD
00758851704873241325	shopify_ZZ_8827305722014_48110796669086	out_of_stock	0	158.00 HKD
00758851704873241325	shopify_ZZ_8827305722014_48110796701854	out_of_stock	0	158.00 HKD
00758851704873241325	shopify_ZZ_8827305722014_48110796734622	out_of_stock	0	158.00 HKD
00758851704873241325	shopify_ZZ_8827305722014_48110796767390	out_of_stock	0	158.00 HKD
00758851704873241325	shopify_ZZ_8827305722014_48110796800158	out_of_stock	0	158.00 HKD
00758851704873241325	shopify_ZZ_8827305722014_48110796832926	out_of_stock	0	158.00 HKD
00758851704873241325	shopify_ZZ_8827305722014_48110796865694	out_of_stock	0	158.00 HKD
00758851704873241325	shopify_ZZ_8827305722014_48110796898462	out_of_stock	0	158.00 HKD
00758851704873241325	shopify_ZZ_8827305722014_48110796931230	out_of_stock	0	158.00 HKD
00758851704873241325	shopify_ZZ_8827305722014_48110796963998	out_of_stock	0	158.00 HKD
00758851704873241325	shopify_ZZ_8827305722014_48110796996766	out_of_stock	0	158.00 HKD
00758851704873241325	shopify_ZZ_8827305722014_48110797062302	out_of_stock	0	158.00 HKD
00758851704873241325	shopify_ZZ_8827305722014_48110797127838	out_of_stock	0	158.00 HKD
00758851704873241325	shopify_ZZ_8827057078430_48109784891550	out_of_stock	0	158.00 HKD
00758851704873241325	shopify_ZZ_8827057078430_48109785022622	out_of_stock	0	158.00 HKD
00758851704873241325	shopify_ZZ_8827057078430_48109785055390	out_of_stock	0	158.00 HKD
00758851704873241325	shopify_ZZ_8827057078430_48109785088158	out_of_stock	0	158.00 HKD
00758851704873241325	shopify_ZZ_8827057078430_48109785120926	out_of_stock	0	158.00 HKD
00758851704873241325	shopify_ZZ_8827057078430_48109785153694	out_of_stock	0	158.00 HKD
00758851704873241325	shopify_ZZ_8827057078430_48109785186462	out_of_stock	0	158.00 HKD
00758851704873241325	shopify_ZZ_8827057078430_48109785219230	out_of_stock	0	158.00 HKD
00758851704873241325	shopify_ZZ_8827057078430_48109785251998	out_of_stock	0	158.00 HKD
00758851704873241325	shopify_ZZ_8827057078430_48109785284766	out_of_stock	0	158.00 HKD
00758851704873241325	shopify_ZZ_8827057078430_48109785317534	out_of_stock	0	158.00 HKD
00758851704873241325	shopify_ZZ_8827057078430_48109785350302	out_of_stock	0	158.00 HKD
00758851704873241325	shopify_ZZ_8827057078430_48109785383070	out_of_stock	0	158.00 HKD
00758851704873241325	shopify_ZZ_8827057078430_48109785415838	out_of_stock	0	158.00 HKD
00758851704873241325	shopify_ZZ_8827057078430_48109785448606	out_of_stock	0	158.00 HKD
00758851704873241325	shopify_ZZ_8827057078430_48109785481374	out_of_stock	0	158.00 HKD
00758851704873241325	shopify_ZZ_8827057078430_48109785514142	out_of_stock	0	158.00 HKD
00758851704873241325	shopify_ZZ_8827057078430_48109785546910	out_of_stock	0	158.00 HKD
00758851704873241325	shopify_ZZ_8827057078430_48109785612446	out_of_stock	0	158.00 HKD
00758851704873241325	shopify_ZZ_8827057078430_48109785677982	out_of_stock	0	158.00 HKD
00758851704873241325	shopify_ZZ_8827120550046_48110041071774	out_of_stock	0	158.00 HKD
00758851704873241325	shopify_ZZ_8861742170270_48212273201310	in_stock	18	49.00 HKD
00758851704873241325	shopify_ZZ_8861746856094_48212288864414	in_stock	13	49.00 HKD
00758851704873241325	shopify_ZZ_8862498259102_48214137700510	in_stock	14	49.00 HKD
00758851704873241325	shopify_ZZ_8861766811806_48212313342110	in_stock	17	49.00 HKD
00758851704873241325	shopify_ZZ_8861744103582_48212275200158	in_stock	7	89.00 HKD
00758851704873241325	shopify_ZZ_8861742727326_48212273758366	in_stock	9	89.00 HKD
00758851704873241325	shopify_ZZ_8861766746270_48212313276574	in_stock	10	89.00 HKD
00758851704873241325	shopify_ZZ_8861766058142_48212310786206	in_stock	21	89.00 HKD
00758851704873241325	shopify_ZZ_8861741613214_48212272480414	in_stock	10	89.00 HKD
00758851704873241325	shopify_ZZ_8861741318302_48212272185502	in_stock	10	89.00 HKD
00758851704873241325	shopify_ZZ_8861766549662_48212312948894	in_stock	12	89.00 HKD
00758851704873241325	shopify_ZZ_8861741908126_48212272939166	in_stock	9	89.00 HKD
00758851704873241325	shopify_ZZ_8861537009822_48211216924830	in_stock	6	89.00 HKD
00758851704873241325	shopify_ZZ_8861533110430_48211208241310	in_stock	4	138.00 HKD
00758851704873241325	shopify_ZZ_8861533012126_48211208011934	in_stock	4	138.00 HKD
00758851704873241325	shopify_ZZ_8861532881054_48211207749790	in_stock	5	129.00 HKD
00758851704873241325	shopify_ZZ_8861533307038_48211208536222	in_stock	5	79.00 HKD
00758851704873241325	shopify_ZZ_8861533438110_48211208929438	in_stock	4	79.00 HKD
00758851704873241325	shopify_ZZ_8859192688798_48201810149534	in_stock	6	98.00 HKD
00758851704873241325	shopify_ZZ_8859192623262_48201809526942	in_stock	18	65.00 HKD
00758851704873241325	shopify_ZZ_8859193311390_48201822503070	in_stock	26	55.00 HKD
00758851704873241325	shopify_ZZ_8861743022238_48212274053278	in_stock	12	79.00 HKD
00758851704873241325	shopify_ZZ_8861745905822_48212287651998	in_stock	10	79.00 HKD
00758851704873241325	shopify_ZZ_8863421530270_48216169742494	in_stock	1	95.00 HKD
00758851704873241325	shopify_ZZ_8863418810526_48216166760606	in_stock	5	95.00 HKD
00758851704873241325	shopify_ZZ_8863147786398_48215600595102	in_stock	2	95.00 HKD
00758851704873241325	shopify_ZZ_8863421759646_48216169971870	in_stock	4	75.00 HKD
00758851704873241325	shopify_ZZ_8863423299742_48216174002334	in_stock	3	95.00 HKD
00758851704873241325	shopify_ZZ_8863147163806_48215599644830	in_stock	6	75.00 HKD
00758851704873241325	shopify_ZZ_8863147589790_48215600398494	in_stock	2	75.00 HKD
00758851704873241325	shopify_ZZ_8863419334814_48216167284894	in_stock	5	75.00 HKD
00758851704873241325	shopify_ZZ_8863421989022_48216170201246	in_stock	3	75.00 HKD
00758851704873241325	shopify_ZZ_8863147196574_48215599677598	in_stock	5	75.00 HKD
00758851704873241325	shopify_ZZ_8863147098270_48215599579294	in_stock	5	79.00 HKD
00758851704873241325	shopify_ZZ_8863147491486_48215600300190	in_stock	1	79.00 HKD
00758851704873241325	shopify_ZZ_8863147131038_48215599612062	in_stock	4	79.00 HKD
00758851704873241325	shopify_ZZ_8863422775454_48216171020446	in_stock	4	95.00 HKD
00758851704873241325	shopify_ZZ_8863147688094_48215600496798	in_stock	4	95.00 HKD
00758851704873241325	shopify_ZZ_8863422251166_48216170463390	in_stock	4	98.00 HKD
00758851704873241325	shopify_ZZ_8863420350622_48216168300702	in_stock	6	85.00 HKD
00758851704873241325	shopify_ZZ_8863147229342_48215599710366	in_stock	4	117.00 HKD
00758851704873241325	shopify_ZZ_8863147655326_48215600464030	in_stock	10	117.00 HKD
00758851704873241325	shopify_ZZ_8863147720862_48215600529566	in_stock	4	85.00 HKD
00758851704873241325	shopify_ZZ_8863147360414_48215600070814	in_stock	6	85.00 HKD
00758851704873241325	shopify_ZZ_8863147557022_48215600365726	in_stock	1	95.00 HKD
00758851704873241325	shopify_ZZ_8863419072670_48216167022750	in_stock	6	115.00 HKD
00758851704873241325	shopify_ZZ_8863147622558_48215600431262	in_stock	6	98.00 HKD
00758851704873241325	shopify_ZZ_8863419596958_48216167547038	in_stock	8	98.00 HKD
00758851704873241325	shopify_ZZ_8860684222622_48208505733278	in_stock	3	79.00 HKD
00758851704873241325	shopify_ZZ_8860684255390_48208505766046	in_stock	8	79.00 HKD
00758851704873241325	shopify_ZZ_8860684353694_48208505864350	in_stock	5	79.00 HKD
00758851704873241325	shopify_ZZ_8860684419230_48208507994270	in_stock	5	79.00 HKD
00758851704873241325	shopify_ZZ_8827281473694_48110698528926	out_of_stock	0	158.00 HKD
00758851704873241325	shopify_ZZ_8826924662942_48109250871454	out_of_stock	0	158.00 HKD
00758851704873241325	shopify_ZZ_8826947993758_48109344784542	out_of_stock	0	158.00 HKD
00758851704873241325	shopify_ZZ_8826902413470_48109159219358	out_of_stock	0	158.00 HKD
00758851704873241325	shopify_ZZ_8826902413470_48109159350430	out_of_stock	0	158.00 HKD
00758851704873241325	shopify_ZZ_8826902413470_48109159383198	out_of_stock	0	158.00 HKD
00758851704873241325	shopify_ZZ_8826902413470_48109159415966	out_of_stock	0	158.00 HKD
00758851704873241325	shopify_ZZ_8826902413470_48109159448734	out_of_stock	0	158.00 HKD
00758851704873241325	shopify_ZZ_8826902413470_48109159481502	out_of_stock	0	158.00 HKD
00758851704873241325	shopify_ZZ_8826902413470_48109159514270	out_of_stock	0	158.00 HKD
00758851704873241325	shopify_ZZ_8826902413470_48109159547038	out_of_stock	0	158.00 HKD
00758851704873241325	shopify_ZZ_8826902413470_48109159579806	out_of_stock	0	158.00 HKD
00758851704873241325	shopify_ZZ_8826902413470_48109159612574	out_of_stock	0	158.00 HKD
00758851704873241325	shopify_ZZ_8826902413470_48109159645342	out_of_stock	0	158.00 HKD
00758851704873241325	shopify_ZZ_8826902413470_48109159678110	out_of_stock	0	158.00 HKD
00758851704873241325	shopify_ZZ_8826902413470_48109159710878	out_of_stock	0	158.00 HKD
00758851704873241325	shopify_ZZ_8826902413470_48109159743646	out_of_stock	0	158.00 HKD
00758851704873241325	shopify_ZZ_8826902413470_48109159776414	out_of_stock	0	158.00 HKD
00758851704873241325	shopify_ZZ_8826902413470_48109159809182	out_of_stock	0	158.00 HKD
00758851704873241325	shopify_ZZ_8826902413470_48109159841950	out_of_stock	0	158.00 HKD
00758851704873241325	shopify_ZZ_8826902413470_48109159874718	out_of_stock	0	158.00 HKD
00758851704873241325	shopify_ZZ_8826902413470_48109159940254	out_of_stock	0	158.00 HKD
00758851704873241325	shopify_ZZ_8826902413470_48109160005790	out_of_stock	0	158.00 HKD
00758851704873241325	shopify_ZZ_8827036598430_48109702545566	out_of_stock	0	158.00 HKD
00758851704873241325	shopify_ZZ_8827078115486_48109869760670	out_of_stock	0	158.00 HKD
00758851704873241325	shopify_ZZ_8827078115486_48109869891742	out_of_stock	0	158.00 HKD
00758851704873241325	shopify_ZZ_8827078115486_48109869924510	out_of_stock	0	158.00 HKD
00758851704873241325	shopify_ZZ_8827078115486_48109869957278	out_of_stock	0	158.00 HKD
00758851704873241325	shopify_ZZ_8827078115486_48109869990046	out_of_stock	0	158.00 HKD
00758851704873241325	shopify_ZZ_8827078115486_48109870022814	out_of_stock	0	158.00 HKD
00758851704873241325	shopify_ZZ_8827078115486_48109870055582	out_of_stock	0	158.00 HKD
00758851704873241325	shopify_ZZ_8827078115486_48109870088350	out_of_stock	0	158.00 HKD
00758851704873241325	shopify_ZZ_8827078115486_48109870121118	out_of_stock	0	158.00 HKD
00758851704873241325	shopify_ZZ_8827078115486_48109870153886	out_of_stock	0	158.00 HKD
00758851704873241325	shopify_ZZ_8827078115486_48109870186654	out_of_stock	0	158.00 HKD
00758851704873241325	shopify_ZZ_8827078115486_48109870219422	out_of_stock	0	158.00 HKD
00758851704873241325	shopify_ZZ_8827078115486_48109870252190	out_of_stock	0	158.00 HKD
00758851704873241325	shopify_ZZ_8827078115486_48109870284958	out_of_stock	0	158.00 HKD
00758851704873241325	shopify_ZZ_8827078115486_48109870317726	out_of_stock	0	158.00 HKD
00758851704873241325	shopify_ZZ_8827078115486_48109870350494	out_of_stock	0	158.00 HKD
00758851704873241325	shopify_ZZ_8827078115486_48109870383262	out_of_stock	0	158.00 HKD
00758851704873241325	shopify_ZZ_8827078115486_48109870416030	out_of_stock	0	158.00 HKD
00758851704873241325	shopify_ZZ_8827078115486_48109870481566	out_of_stock	0	158.00 HKD
00758851704873241325	shopify_ZZ_8827078115486_48109870547102	out_of_stock	0	158.00 HKD
00758851704873241325	shopify_ZZ_8827099087006_48109954597022	out_of_stock	0	158.00 HKD
00758851704873241325	shopify_ZZ_8827099087006_48109954728094	out_of_stock	0	158.00 HKD
00758851704873241325	shopify_ZZ_8827099087006_48109954760862	out_of_stock	0	158.00 HKD
00758851704873241325	shopify_ZZ_8827099087006_48109954793630	out_of_stock	0	158.00 HKD
00758851704873241325	shopify_ZZ_8827099087006_48109954826398	out_of_stock	0	158.00 HKD
00758851704873241325	shopify_ZZ_8827099087006_48109954859166	out_of_stock	0	158.00 HKD
00758851704873241325	shopify_ZZ_8827099087006_48109954891934	out_of_stock	0	158.00 HKD
00758851704873241325	shopify_ZZ_8827099087006_48109954924702	out_of_stock	0	158.00 HKD
00758851704873241325	shopify_ZZ_8827099087006_48109954957470	out_of_stock	0	158.00 HKD
00758851704873241325	shopify_ZZ_8827099087006_48109954990238	out_of_stock	0	158.00 HKD
00758851704873241325	shopify_ZZ_8827099087006_48109955023006	out_of_stock	0	158.00 HKD
00758851704873241325	shopify_ZZ_8827099087006_48109955055774	out_of_stock	0	158.00 HKD
00758851704873241325	shopify_ZZ_8827099087006_48109955088542	out_of_stock	0	158.00 HKD
00758851704873241325	shopify_ZZ_8827099087006_48109955121310	out_of_stock	0	158.00 HKD
00758851704873241325	shopify_ZZ_8827099087006_48109955154078	out_of_stock	0	158.00 HKD
00758851704873241325	shopify_ZZ_8827099087006_48109955186846	out_of_stock	0	158.00 HKD
00758851704873241325	shopify_ZZ_8827099087006_48109955219614	out_of_stock	0	158.00 HKD
00758851704873241325	shopify_ZZ_8827099087006_48109955252382	out_of_stock	0	158.00 HKD
00758851704873241325	shopify_ZZ_8827099087006_48109955317918	out_of_stock	0	158.00 HKD
00758851704873241325	shopify_ZZ_8827099087006_48109955383454	out_of_stock	0	158.00 HKD
00758851704873241325	shopify_ZZ_8827014971550_48109615546526	out_of_stock	0	158.00 HKD
00758851704873241325	shopify_ZZ_8827014971550_48109615677598	out_of_stock	0	158.00 HKD
00758851704873241325	shopify_ZZ_8827014971550_48109615710366	out_of_stock	0	158.00 HKD
00758851704873241325	shopify_ZZ_8827014971550_48109615743134	out_of_stock	0	158.00 HKD
00758851704873241325	shopify_ZZ_8827014971550_48109615775902	out_of_stock	0	158.00 HKD
00758851704873241325	shopify_ZZ_8827014971550_48109615808670	out_of_stock	0	158.00 HKD
00758851704873241325	shopify_ZZ_8827014971550_48109615841438	out_of_stock	0	158.00 HKD
00758851704873241325	shopify_ZZ_8827014971550_48109615874206	out_of_stock	0	158.00 HKD
00758851704873241325	shopify_ZZ_8827014971550_48109615906974	out_of_stock	0	158.00 HKD
00758851704873241325	shopify_ZZ_8827014971550_48109615939742	out_of_stock	0	158.00 HKD
00758851704873241325	shopify_ZZ_8827014971550_48109615972510	out_of_stock	0	158.00 HKD
00758851704873241325	shopify_ZZ_8827014971550_48109616005278	out_of_stock	0	158.00 HKD
00758851704873241325	shopify_ZZ_8827014971550_48109616038046	out_of_stock	0	158.00 HKD
00758851704873241325	shopify_ZZ_8827014971550_48109616070814	out_of_stock	0	158.00 HKD
00758851704873241325	shopify_ZZ_8827014971550_48109616103582	out_of_stock	0	158.00 HKD
00758851704873241325	shopify_ZZ_8827014971550_48109616136350	out_of_stock	0	158.00 HKD
00758851704873241325	shopify_ZZ_8827014971550_48109616169118	out_of_stock	0	158.00 HKD
00758851704873241325	shopify_ZZ_8827014971550_48109616201886	out_of_stock	0	158.00 HKD
00758851704873241325	shopify_ZZ_8827014971550_48109616267422	out_of_stock	0	158.00 HKD
00758851704873241325	shopify_ZZ_8827014971550_48109616332958	out_of_stock	0	158.00 HKD
00758851704873241325	shopify_ZZ_8827257061534_48110599307422	out_of_stock	0	158.00 HKD
00758851704873241325	shopify_ZZ_8827257061534_48110599438494	out_of_stock	0	158.00 HKD
00758851704873241325	shopify_ZZ_8827257061534_48110599471262	out_of_stock	0	158.00 HKD
00758851704873241325	shopify_ZZ_8827257061534_48110599504030	out_of_stock	0	158.00 HKD
00758851704873241325	shopify_ZZ_8827257061534_48110599536798	out_of_stock	0	158.00 HKD
00758851704873241325	shopify_ZZ_8827257061534_48110599569566	out_of_stock	0	158.00 HKD
00758851704873241325	shopify_ZZ_8827257061534_48110599602334	out_of_stock	0	158.00 HKD
00758851704873241325	shopify_ZZ_8827257061534_48110599635102	out_of_stock	0	158.00 HKD
00758851704873241325	shopify_ZZ_8827257061534_48110599667870	out_of_stock	0	158.00 HKD
00758851704873241325	shopify_ZZ_8827257061534_48110599700638	out_of_stock	0	158.00 HKD
00758851704873241325	shopify_ZZ_8827257061534_48110599733406	out_of_stock	0	158.00 HKD
00758851704873241325	shopify_ZZ_8827257061534_48110599766174	out_of_stock	0	158.00 HKD
00758851704873241325	shopify_ZZ_8827257061534_48110599798942	out_of_stock	0	158.00 HKD
00758851704873241325	shopify_ZZ_8827257061534_48110599831710	out_of_stock	0	158.00 HKD
00758851704873241325	shopify_ZZ_8827257061534_48110599864478	out_of_stock	0	158.00 HKD
00758851704873241325	shopify_ZZ_8827257061534_48110599897246	out_of_stock	0	158.00 HKD
00758851704873241325	shopify_ZZ_8827257061534_48110599930014	out_of_stock	0	158.00 HKD
00758851704873241325	shopify_ZZ_8827257061534_48110599962782	out_of_stock	0	158.00 HKD
00758851704873241325	shopify_ZZ_8827257061534_48110600028318	out_of_stock	0	158.00 HKD
00758851704873241325	shopify_ZZ_8827257061534_48110600093854	out_of_stock	0	158.00 HKD
00758851704873241325	shopify_ZZ_8827208597662_48110403682462	out_of_stock	0	158.00 HKD
00758851704873241325	shopify_ZZ_8827208597662_48110403813534	out_of_stock	0	158.00 HKD
00758851704873241325	shopify_ZZ_8827208597662_48110403846302	out_of_stock	0	158.00 HKD
00758851704873241325	shopify_ZZ_8827208597662_48110403879070	out_of_stock	0	158.00 HKD
00758851704873241325	shopify_ZZ_8827208597662_48110403911838	out_of_stock	0	158.00 HKD
00758851704873241325	shopify_ZZ_8827208597662_48110403944606	out_of_stock	0	158.00 HKD
00758851704873241325	shopify_ZZ_8827208597662_48110403977374	out_of_stock	0	158.00 HKD
00758851704873241325	shopify_ZZ_8827208597662_48110404010142	out_of_stock	0	158.00 HKD
00758851704873241325	shopify_ZZ_8827208597662_48110404042910	out_of_stock	0	158.00 HKD
00758851704873241325	shopify_ZZ_8827208597662_48110404075678	out_of_stock	0	158.00 HKD
00758851704873241325	shopify_ZZ_8827208597662_48110404108446	out_of_stock	0	158.00 HKD
00758851704873241325	shopify_ZZ_8827208597662_48110404141214	out_of_stock	0	158.00 HKD
00758851704873241325	shopify_ZZ_8827208597662_48110404173982	out_of_stock	0	158.00 HKD
00758851704873241325	shopify_ZZ_8827208597662_48110404206750	out_of_stock	0	158.00 HKD
00758851704873241325	shopify_ZZ_8827208597662_48110404239518	out_of_stock	0	158.00 HKD
00758851704873241325	shopify_ZZ_8827208597662_48110404272286	out_of_stock	0	158.00 HKD
00758851704873241325	shopify_ZZ_8827208597662_48110404305054	out_of_stock	0	158.00 HKD
00758851704873241325	shopify_ZZ_8827208597662_48110404337822	out_of_stock	0	158.00 HKD
00758851704873241325	shopify_ZZ_8827208597662_48110404403358	out_of_stock	0	158.00 HKD
00758851704873241325	shopify_ZZ_8827208597662_48110404468894	out_of_stock	0	158.00 HKD
00758851704873241325	shopify_ZZ_8826994131102_48109530841246	out_of_stock	0	158.00 HKD
00758851704873241325	shopify_ZZ_8826994131102_48109530972318	out_of_stock	0	158.00 HKD
00758851704873241325	shopify_ZZ_8826994131102_48109531005086	out_of_stock	0	158.00 HKD
00758851704873241325	shopify_ZZ_8826994131102_48109531037854	out_of_stock	0	158.00 HKD
00758851704873241325	shopify_ZZ_8826994131102_48109531070622	out_of_stock	0	158.00 HKD
00758851704873241325	shopify_ZZ_8826994131102_48109531103390	out_of_stock	0	158.00 HKD
00758851704873241325	shopify_ZZ_8826994131102_48109531136158	out_of_stock	0	158.00 HKD
00758851704873241325	shopify_ZZ_8826994131102_48109531168926	out_of_stock	0	158.00 HKD
00758851704873241325	shopify_ZZ_8826994131102_48109531201694	out_of_stock	0	158.00 HKD
00758851704873241325	shopify_ZZ_8826994131102_48109531234462	out_of_stock	0	158.00 HKD
00758851704873241325	shopify_ZZ_8826994131102_48109531267230	out_of_stock	0	158.00 HKD
00758851704873241325	shopify_ZZ_8826994131102_48109531299998	out_of_stock	0	158.00 HKD
00758851704873241325	shopify_ZZ_8826994131102_48109531332766	out_of_stock	0	158.00 HKD
00758851704873241325	shopify_ZZ_8826994131102_48109531365534	out_of_stock	0	158.00 HKD
00758851704873241325	shopify_ZZ_8826994131102_48109531398302	out_of_stock	0	158.00 HKD
00758851704873241325	shopify_ZZ_8826994131102_48109531431070	out_of_stock	0	158.00 HKD
00758851704873241325	shopify_ZZ_8826994131102_48109531463838	out_of_stock	0	158.00 HKD
00758851704873241325	shopify_ZZ_8826994131102_48109531496606	out_of_stock	0	158.00 HKD
00758851704873241325	shopify_ZZ_8826994131102_48109531562142	out_of_stock	0	158.00 HKD
00758851704873241325	shopify_ZZ_8826994131102_48109531627678	out_of_stock	0	158.00 HKD
00758851704873241325	shopify_ZZ_8827143061662_48110131970206	out_of_stock	0	158.00 HKD
00758851704873241325	shopify_ZZ_8861535600798_48211213484190	in_stock	10	49.00 HKD
00758851704873241325	shopify_ZZ_8861534879902_48211211976862	in_stock	11	49.00 HKD
00758851704873241325	shopify_ZZ_8861534978206_48211212173470	in_stock	11	49.00 HKD
00758851704873241325	shopify_ZZ_8861536845982_48211216466078	in_stock	4	49.00 HKD
00758851704873241325	shopify_ZZ_8861534683294_48211211583646	in_stock	11	49.00 HKD
00758851704873241325	shopify_ZZ_8861536321694_48211214991518	in_stock	5	49.00 HKD
00758851704873241325	shopify_ZZ_8861535142046_48211212468382	in_stock	8	49.00 HKD
00758851704873241325	shopify_ZZ_8861536485534_48211215646878	in_stock	4	49.00 HKD
00758851704873241325	shopify_ZZ_8861763731614_48212306886814	in_stock	26	89.00 HKD
00758851704873241325	shopify_ZZ_8861765861534_48212310130846	in_stock	11	149.00 HKD
00758851704873241325	shopify_ZZ_8861534290078_48211210666142	in_stock	3	149.00 HKD
00758851704873241325	shopify_ZZ_8863147524254_48215600332958	in_stock	1	167.00 HKD
00758851704873241325	shopify_ZZ_8861745643678_48212287389854	in_stock	10	79.00 HKD
00758851704873241325	shopify_ZZ_8861533503646_48211209093278	in_stock	8	79.00 HKD
00758851704873241325	shopify_ZZ_8861533667486_48211209388190	in_stock	9	79.00 HKD
00758851704873241325	shopify_ZZ_8861533995166_48211210043550	in_stock	8	79.00 HKD
00758851704873241325	shopify_ZZ_8861765992606_48212310294686	in_stock	12	138.00 HKD
00758851704873241325	shopify_ZZ_8819507822750_48084880883870	in_stock	4	79.00 HKD
00758851704873241325	shopify_ZZ_8819507822750_48084880916638	in_stock	8	79.00 HKD
00758851704873241325	shopify_ZZ_8863426707614_48216177541278	in_stock	4	79.00 HKD
00758851704873241325	shopify_ZZ_8863423955102_48216174657694	in_stock	12	109.00 HKD
00758851704873241325	shopify_ZZ_8863424413854_48216175247518	in_stock	10	109.00 HKD
00758851704873241325	shopify_ZZ_8863424839838_48216175673502	in_stock	11	109.00 HKD
00758851704873241325	shopify_ZZ_8863425331358_48216176132254	in_stock	8	109.00 HKD
00758851704873241325	shopify_ZZ_8863425757342_48216176591006	in_stock	12	109.00 HKD
00758851704873241325	shopify_ZZ_8863426248862_48216177082526	in_stock	10	109.00 HKD
00758851704873241325	shopify_ZZ_8819511459998_48084885962910	in_stock	2	119.00 HKD
00758851704873241325	shopify_ZZ_8819511001246_48084885340318	in_stock	1	149.00 HKD
00758851704873241325	shopify_ZZ_8819509133470_48084882948254	in_stock	3	155.00 HKD
00758851704873241325	shopify_ZZ_8819509133470_48084882915486	in_stock	4	189.00 HKD
00758851704873241325	shopify_ZZ_8861554213022_48211280035998	in_stock	3	40.00 HKD
00758851704873241325	shopify_ZZ_8861550936222_48211270271134	in_stock	5	78.00 HKD
00758851704873241325	shopify_ZZ_8861510926494_48211160498334	in_stock	10	84.00 HKD
00758851704873241325	shopify_ZZ_8861510303902_48211159187614	in_stock	18	68.00 HKD
00758851704873241325	shopify_ZZ_8861552279710_48211274399902	in_stock	5	48.00 HKD
00758851704873241325	shopify_ZZ_8861752852638_48212295057566	in_stock	8	40.00 HKD
00758851704873241325	shopify_ZZ_8861548544158_48211263586462	in_stock	17	48.00 HKD
00758851704873241325	shopify_ZZ_8861551820958_48211272859806	in_stock	7	40.00 HKD
00758851704873241325	shopify_ZZ_8861553590430_48211278823582	in_stock	4	40.00 HKD
00758851704873241325	shopify_ZZ_8861725556894_48212203143326	in_stock	3	88.00 HKD
00758851704873241325	shopify_ZZ_8861511123102_48211160826014	in_stock	8	98.00 HKD
00758851704873241325	shopify_ZZ_8861757603998_48212300234910	in_stock	6	40.00 HKD
00758851704873241325	shopify_ZZ_8861510598814_48211159679134	in_stock	10	98.00 HKD
00758851704873241325	shopify_ZZ_8861554049182_48211279741086	in_stock	4	38.00 HKD
00758851704873241325	shopify_ZZ_8861725819038_48212208746654	in_stock	4	38.00 HKD
00758851704873241325	shopify_ZZ_8861755506846_48212298006686	in_stock	5	57.00 HKD
00758851704873241325	shopify_ZZ_8861549101214_48211264995486	in_stock	6	88.00 HKD
00758851704873241325	shopify_ZZ_8861548609694_48211263783070	in_stock	9	88.00 HKD
00758851704873241325	shopify_ZZ_8861548707998_48211264012446	in_stock	8	88.00 HKD
00758851704873241325	shopify_ZZ_8861550575774_48211269255326	in_stock	3	88.00 HKD
00758851704873241325	shopify_ZZ_8861548249246_48211262963870	in_stock	15	88.00 HKD
00758851704873241325	shopify_ZZ_8861551657118_48211272433822	in_stock	3	88.00 HKD
00758851704873241325	shopify_ZZ_8861550313630_48211268698270	in_stock	2	88.00 HKD
00758851704873241325	shopify_ZZ_8861549035678_48211264864414	in_stock	7	88.00 HKD
00758851704873241325	shopify_ZZ_8861553066142_48211276890270	in_stock	1	88.00 HKD
00758851704873241325	shopify_ZZ_8861551591582_48211272237214	in_stock	3	88.00 HKD
00758851704873241325	shopify_ZZ_8861548314782_48211263094942	in_stock	10	88.00 HKD
00758851704873241325	shopify_ZZ_8861552902302_48211276398750	in_stock	4	43.00 HKD
00758851704873241325	shopify_ZZ_8861549789342_48211267518622	in_stock	8	48.00 HKD
00758851704873241325	shopify_ZZ_8861549428894_48211265945758	in_stock	10	48.00 HKD
00758851704873241325	shopify_ZZ_8861511450782_48211161219230	in_stock	9	77.00 HKD
00758851704873241325	shopify_ZZ_8861548937374_48211264635038	in_stock	17	38.00 HKD
00758851704873241325	shopify_ZZ_8861549232286_48211265421470	in_stock	16	38.00 HKD
00758851704873241325	shopify_ZZ_8861550379166_48211268894878	in_stock	6	64.00 HKD
00758851704873241325	shopify_ZZ_8861548216478_48211262931102	in_stock	33	78.00 HKD
00758851704873241325	shopify_ZZ_8861552967838_48211276628126	in_stock	5	38.00 HKD
00758851704873241325	shopify_ZZ_8861553688734_48211279249566	in_stock	2	80.00 HKD
00758851704873241325	shopify_ZZ_8861548871838_48211264438430	in_stock	7	88.00 HKD
00758851704873241325	shopify_ZZ_8861764944030_48212308328606	in_stock	23	78.00 HKD
00758851704873241325	shopify_ZZ_8861516726430_48211171704990	in_stock	6	69.00 HKD
00758851704873241325	shopify_ZZ_8861765173406_48212308557982	in_stock	15	88.00 HKD
00758851704873241325	shopify_ZZ_8861550706846_48211269648542	in_stock	6	69.00 HKD
00758851704873241325	shopify_ZZ_8861551198366_48211270926494	in_stock	3	88.00 HKD
00758851704873241325	shopify_ZZ_8861549920414_48211267780766	in_stock	7	69.00 HKD
00758851704873241325	shopify_ZZ_8861550051486_48211268042910	in_stock	7	69.00 HKD
00758851704873241325	shopify_ZZ_8861747380382_48212289388702	in_stock	10	64.00 HKD
00758851704873241325	shopify_ZZ_8861550772382_48211269845150	in_stock	6	69.00 HKD
00758851704873241325	shopify_ZZ_8861550837918_48211270041758	in_stock	6	69.00 HKD
00758851704873241325	shopify_ZZ_8861550117022_48211268239518	in_stock	6	69.00 HKD
00758851704873241325	shopify_ZZ_8861551919262_48211273089182	in_stock	3	88.00 HKD
00758851704873241325	shopify_ZZ_8861548478622_48211263389854	in_stock	14	78.00 HKD
00758851704873241325	shopify_ZZ_8861751509150_48212293714078	in_stock	9	41.00 HKD
00758851704873241325	shopify_ZZ_8861526229150_48211189956766	in_stock	5	32.00 HKD
00758851704873241325	shopify_ZZ_8861525803166_48211189530782	in_stock	3	54.00 HKD
00758851704873241325	shopify_ZZ_8861529964702_48211197526174	in_stock	3	41.00 HKD
00758851704873241325	shopify_ZZ_8861548806302_48211264241822	in_stock	7	88.00 HKD
00758851704873241325	shopify_ZZ_8861528326302_48211192709278	in_stock	2	70.00 HKD
00758851704873241325	shopify_ZZ_8861529768094_48211196870814	in_stock	4	34.00 HKD
00758851704873241325	shopify_ZZ_8861530128542_48211198083230	in_stock	5	16.00 HKD
00758851704873241325	shopify_ZZ_8861727588510_48212254752926	in_stock	6	14.00 HKD
00758851704873241325	shopify_ZZ_8861726736542_48212223361182	in_stock	6	20.00 HKD
00758851704873241325	shopify_ZZ_8861520986270_48211180617886	in_stock	5	34.00 HKD
00758851704873241325	shopify_ZZ_8861726507166_48212219461790	in_stock	7	25.00 HKD
00758851704873241325	shopify_ZZ_8861526851742_48211190775966	in_stock	3	52.00 HKD
00758851704873241325	shopify_ZZ_8861523771550_48211185959070	in_stock	7	29.00 HKD
00758851704873241325	shopify_ZZ_8861551296670_48211271286942	in_stock	8	36.00 HKD
00758851704873241325	shopify_ZZ_8861529669790_48211196510366	in_stock	6	23.00 HKD
00758851704873241325	shopify_ZZ_8861552640158_48211275612318	in_stock	4	34.00 HKD
00758851704873241325	shopify_ZZ_8861512827038_48211163447454	in_stock	9	56.00 HKD
00758851704873241325	shopify_ZZ_8861753147550_48212295352478	in_stock	5	70.00 HKD
00758851704873241325	shopify_ZZ_8861727293598_48212235616414	in_stock	4	31.00 HKD
00758851704873241325	shopify_ZZ_8861522428062_48211183435934	in_stock	8	25.00 HKD
00758851704873241325	shopify_ZZ_8861752230046_48212294434974	in_stock	3	138.00 HKD
00758851704873241325	shopify_ZZ_8861521608862_48211181764766	in_stock	6	34.00 HKD
00758851704873241325	shopify_ZZ_8822094594206_48093312745630	in_stock	2	48.00 HKD
00758851704873241325	shopify_ZZ_8861524885662_48211187466398	in_stock	5	44.00 HKD
00758851704873241325	shopify_ZZ_8861554507934_48211281379486	in_stock	2	40.00 HKD
00758851704873241325	shopify_ZZ_8861555818654_48211284033694	in_stock	1	32.00 HKD
00758851704873241325	shopify_ZZ_8861515415710_48211167871134	in_stock	4	108.00 HKD
00758851704873241325	shopify_ZZ_8861552836766_48211276169374	in_stock	2	98.00 HKD
00758851704873241325	shopify_ZZ_8861551132830_48211270729886	in_stock	5	78.00 HKD
00758851704873241325	shopify_ZZ_8861550215326_48211268468894	in_stock	5	78.00 HKD
00758851704873241325	shopify_ZZ_8861553950878_48211279511710	in_stock	2	78.00 HKD
00758851704873241325	shopify_ZZ_8861511811230_48211162103966	in_stock	5	108.00 HKD
00758851704873241325	shopify_ZZ_8861551034526_48211270500510	in_stock	5	78.00 HKD
00758851704873241325	shopify_ZZ_8861552378014_48211274793118	in_stock	3	78.00 HKD
00758851704873241325	shopify_ZZ_8861551427742_48211271680158	in_stock	4	78.00 HKD
00758851704873241325	shopify_ZZ_8861529899166_48211197329566	in_stock	3	49.00 HKD
00758851704873241325	shopify_ZZ_8861517906078_48211175964830	in_stock	6	66.00 HKD
00758851704873241325	shopify_ZZ_8861553492126_48211278430366	in_stock	3	42.00 HKD
00758851704873241325	shopify_ZZ_8861727752350_48212256620702	in_stock	1	42.00 HKD
00758851704873241325	shopify_ZZ_8861745348766_48212287094942	in_stock	7	98.00 HKD
00758851704873241325	shopify_ZZ_8861553295518_48211277611166	in_stock	3	58.00 HKD
00758851704873241325	shopify_ZZ_8861553131678_48211277119646	in_stock	3	58.00 HKD
00758851704873241325	shopify_ZZ_8861549691038_48211267289246	in_stock	5	98.00 HKD
00758851704873241325	shopify_ZZ_8861530751134_48211201261726	in_stock	1	68.00 HKD
00758851704873241325	shopify_ZZ_8861552476318_48211275022494	in_stock	2	78.00 HKD
00758851704873241325	shopify_ZZ_8861552574622_48211275415710	in_stock	4	58.00 HKD
00758851704873241325	shopify_ZZ_8861553229982_48211277381790	in_stock	3	58.00 HKD
00758851704873241325	shopify_ZZ_8861554639006_48211281641630	in_stock	2	58.00 HKD
00758851704873241325	shopify_ZZ_8861551755422_48211272663198	in_stock	5	58.00 HKD
00758851704873241325	shopify_ZZ_8861553393822_48211278037150	in_stock	3	58.00 HKD
00758851704873241325	shopify_ZZ_8861549625502_48211267027102	in_stock	9	58.00 HKD
00758851704873241325	shopify_ZZ_8861554835614_48211282100382	in_stock	2	58.00 HKD
00758851704873241325	shopify_ZZ_8861766221982_48212310982814	in_stock	24	54.00 HKD
00758851704873241325	shopify_ZZ_8861518758046_48211177537694	in_stock	3	96.00 HKD
00758851704873241325	shopify_ZZ_8861513908382_48211164954782	in_stock	4	120.00 HKD
00758851704873241325	shopify_ZZ_8861519446174_48211178422430	in_stock	3	88.00 HKD
00758851704873241325	shopify_ZZ_8861527703710_48211191890078	in_stock	2	79.00 HKD
00758851704873241325	shopify_ZZ_8861549494430_48211266666654	in_stock	6	88.00 HKD
00758851704873241325	shopify_ZZ_8861530325150_48211198738590	in_stock	2	39.00 HKD
00758851704873241325	shopify_ZZ_8861551362206_48211271483550	in_stock	4	79.00 HKD
00758851704873241325	shopify_ZZ_8861552214174_48211274203294	in_stock	9	27.00 HKD
00758851704873241325	shopify_ZZ_8861555589278_48211283706014	in_stock	2	27.00 HKD
00758851704873241325	shopify_ZZ_8861520199838_48211179503774	in_stock	4	59.00 HKD
00758851704873241325	shopify_ZZ_8861727031454_48212230504606	in_stock	3	49.00 HKD
00758851704873241325	shopify_ZZ_8861552738462_48211275841694	in_stock	8	26.00 HKD
00758851704873241325	shopify_ZZ_8861727686814_48212255408286	in_stock	3	26.00 HKD
00758851704873241325	shopify_ZZ_8861751836830_48212294041758	in_stock	6	69.00 HKD
00758851704873241325	shopify_ZZ_8861514530974_48211165773982	in_stock	24	18.00 HKD
00758851704873241325	shopify_ZZ_8861530063006_48211197886622	in_stock	6	18.00 HKD
00758851704873241325	shopify_ZZ_8862504091806_48214143860894	in_stock	3	45.00 HKD
00758851704873241325	shopify_ZZ_8861555032222_48211282460830	in_stock	4	21.00 HKD
00758851704873241325	shopify_ZZ_8819507757214_48084878459038	in_stock	4	75.00 HKD
00758851704873241325	shopify_ZZ_8819507757214_48084878491806	in_stock	7	75.00 HKD
00758851704873241325	shopify_ZZ_8819507757214_48084878524574	in_stock	9	75.00 HKD
00758851704873241325	shopify_ZZ_8819507757214_48084878557342	in_stock	7	75.00 HKD
00758851704873241325	shopify_ZZ_8819507757214_48084878590110	in_stock	8	75.00 HKD
00758851704873241325	shopify_ZZ_8861538615454_48211221414046	in_stock	8	9.00 HKD
00758851704873241325	shopify_ZZ_8861538058398_48211219841182	in_stock	3	55.00 HKD
00758851704873241325	shopify_ZZ_8861535895710_48211214008478	in_stock	7	49.00 HKD
00758851704873241325	shopify_ZZ_8861535469726_48211213222046	in_stock	10	49.00 HKD
00758851704873241325	shopify_ZZ_8861749936286_48212292108446	in_stock	5	129.00 HKD
00758851704873241325	shopify_ZZ_8861749674142_48212291846302	in_stock	5	129.00 HKD
00758851704873241325	shopify_ZZ_8862500782238_48214140551326	in_stock	2	129.00 HKD
00758851704873241325	shopify_ZZ_8862501404830_48214141173918	in_stock	1	129.00 HKD
00758851704873241325	shopify_ZZ_8861748166814_48212290273438	in_stock	6	129.00 HKD
00758851704873241325	shopify_ZZ_8862500323486_48214140092574	in_stock	3	129.00 HKD
00758851704873241325	shopify_ZZ_8861537435806_48211217940638	in_stock	6	39.00 HKD
00758851704873241325	shopify_ZZ_8861537108126_48211217285278	in_stock	3	79.00 HKD
00758851704873241325	shopify_ZZ_8861764321438_48212307476638	in_stock	14	165.00 HKD
00758851704873241325	shopify_ZZ_8863431032990_48216186126494	in_stock	3	99.00 HKD
00758851704873241325	shopify_ZZ_8819507757214_48084878622878	in_stock	9	75.00 HKD
00758851704873241325	shopify_ZZ_8819507757214_48084878426270	out_of_stock	0	89.00 HKD
00758851704873241325	shopify_ZZ_8819509199006_48084883013790	in_stock	6	79.00 HKD
00758851704873241325	shopify_ZZ_8819509199006_48084883046558	in_stock	4	79.00 HKD
00758851704873241325	shopify_ZZ_8819509199006_48084883079326	in_stock	9	79.00 HKD
00758851704873241325	shopify_ZZ_8819509199006_48084883112094	in_stock	5	79.00 HKD
00758851704873241325	shopify_ZZ_8819509199006_48084883144862	in_stock	8	79.00 HKD
00758851704873241325	shopify_ZZ_8819509199006_48084883177630	in_stock	6	79.00 HKD
00758851704873241325	shopify_ZZ_8819509559454_48084883570846	in_stock	6	89.00 HKD
00758851704873241325	shopify_ZZ_8819509559454_48084883603614	in_stock	4	89.00 HKD
00758851704873241325	shopify_ZZ_8819509919902_48084883996830	in_stock	4	119.00 HKD
00758851704873241325	shopify_ZZ_8819511034014_48084885438622	in_stock	1	89.00 HKD
00758851704873241325	shopify_ZZ_8819511034014_48084885405854	out_of_stock	0	107.00 HKD
00758851704873241325	shopify_ZZ_8819509919902_48084883964062	in_stock	6	119.00 HKD
00758851704873241325	shopify_ZZ_8819511459998_48084885995678	in_stock	5	89.00 HKD
00758851704873241325	shopify_ZZ_8819511034014_48084885373086	out_of_stock	0	89.00 HKD
00758851704873241325	shopify_ZZ_8819507822750_48084880720030	in_stock	10	79.00 HKD
00758851704873241325	shopify_ZZ_8819507822750_48084880752798	in_stock	6	79.00 HKD
00758851704873241325	shopify_ZZ_8819507822750_48084880785566	in_stock	4	79.00 HKD
00758851704873241325	shopify_ZZ_8819507822750_48084880818334	in_stock	6	79.00 HKD
00758851704873241325	shopify_ZZ_8819507822750_48084880851102	in_stock	7	79.00 HKD
00758851704873241325	shopify_ZZ_8819508215966_48084881342622	in_stock	2	135.00 HKD
00758851704873241325	shopify_ZZ_8819508215966_48084881375390	in_stock	4	135.00 HKD
00758851704873241325	shopify_ZZ_8819508215966_48084881408158	in_stock	3	135.00 HKD
00758851704873241325	shopify_ZZ_8819508215966_48084881440926	in_stock	5	135.00 HKD
00758851704873241325	shopify_ZZ_8819508215966_48084881473694	in_stock	1	135.00 HKD
00758851704873241325	shopify_ZZ_8819508215966_48084881506462	out_of_stock	0	135.00 HKD
00758851704873241325	shopify_ZZ_8819508215966_48084881539230	in_stock	4	135.00 HKD
00758851704873241325	shopify_ZZ_8819511427230_48084885831838	in_stock	2	99.00 HKD
00758851704873241325	shopify_ZZ_8819511427230_48084885864606	in_stock	1	99.00 HKD
00758851704873241325	shopify_ZZ_8819511427230_48084885897374	in_stock	3	99.00 HKD
00758851704873241325	shopify_ZZ_8819511427230_48084885930142	in_stock	2	99.00 HKD
00758851704873241325	shopify_ZZ_8819508740254_48084882358430	in_stock	4	189.00 HKD
00758851704873241325	shopify_ZZ_8819508740254_48084882391198	in_stock	1	189.00 HKD
00758851704873241325	shopify_ZZ_8819508740254_48084882423966	in_stock	2	189.00 HKD
00758851704873241325	shopify_ZZ_8819508740254_48084882325662	in_stock	2	189.00 HKD
00758851704873241325	shopify_ZZ_8819507757214_48084878393502	in_stock	7	75.00 HKD
00758851704873241325	shopify_ZZ_8863429165214_48216180916382	in_stock	6	79.00 HKD
00758851704873241325	shopify_ZZ_8863427264670_48216178065566	in_stock	3	99.00 HKD
00758851704873241325	shopify_ZZ_8863428706462_48216180457630	in_stock	15	79.00 HKD
00758851704873241325	shopify_ZZ_8820021133470_48086340763806	out_of_stock	0	79.00 HKD
00758851704873241325	shopify_ZZ_8820021133470_48086340796574	in_stock	4	79.00 HKD
00758851704873241325	shopify_ZZ_8820021133470_48086340829342	in_stock	4	79.00 HKD
00758851704873241325	shopify_ZZ_8820021493918_48086341189790	in_stock	10	35.00 HKD
00758851704873241325	shopify_ZZ_8820021493918_48086341222558	in_stock	10	35.00 HKD
00758851704873241325	shopify_ZZ_8820020936862_48086340206750	out_of_stock	0	119.00 HKD
00758851704873241325	shopify_ZZ_8820020936862_48086340173982	out_of_stock	0	119.00 HKD
00758851704873241325	shopify_ZZ_8820020936862_48086340239518	in_stock	3	119.00 HKD
00758851704873241325	shopify_ZZ_8820020969630_48086340272286	out_of_stock	0	79.00 HKD
00758851704873241325	shopify_ZZ_8820020969630_48086340305054	out_of_stock	0	79.00 HKD
00758851704873241325	shopify_ZZ_8820020969630_48086340337822	in_stock	5	79.00 HKD
00758851704873241325	shopify_ZZ_8820020543646_48086339747998	in_stock	8	75.00 HKD
00758851704873241325	shopify_ZZ_8820020543646_48086339715230	in_stock	7	75.00 HKD
00758851704873241325	shopify_ZZ_8820020543646_48086339682462	in_stock	6	75.00 HKD
00758851704873241325	shopify_ZZ_8820020543646_48086339616926	in_stock	3	75.00 HKD
00758851704873241325	shopify_ZZ_8820020543646_48086339584158	in_stock	4	75.00 HKD
00758851704873241325	shopify_ZZ_8820020543646_48086339551390	in_stock	4	75.00 HKD
00758851704873241325	shopify_ZZ_8820020543646_48086339649694	in_stock	6	75.00 HKD
00758851704873241325	shopify_ZZ_8820020543646_48086339813534	in_stock	8	75.00 HKD
00758851704873241325	shopify_ZZ_8820020543646_48086339780766	in_stock	8	75.00 HKD
00758851704873241325	shopify_ZZ_8820020904094_48086340108446	in_stock	4	89.00 HKD
00758851704873241325	shopify_ZZ_8820020904094_48086340010142	in_stock	3	89.00 HKD
00758851704873241325	shopify_ZZ_8820020904094_48086340141214	in_stock	6	89.00 HKD
00758851704873241325	shopify_ZZ_8820020904094_48086340042910	in_stock	3	89.00 HKD
00758851704873241325	shopify_ZZ_8820020904094_48086340075678	in_stock	4	89.00 HKD
00758851704873241325	shopify_ZZ_8820021100702_48086340698270	in_stock	8	175.00 HKD
00758851704873241325	shopify_ZZ_8820021100702_48086340731038	in_stock	9	175.00 HKD
00758851704873241325	shopify_ZZ_8820021067934_48086340501662	in_stock	7	49.00 HKD
00758851704873241325	shopify_ZZ_8820021067934_48086340468894	in_stock	5	49.00 HKD
00758851704873241325	shopify_ZZ_8820021002398_48086340370590	in_stock	2	119.00 HKD
00758851704873241325	shopify_ZZ_8820021002398_48086340403358	out_of_stock	0	119.00 HKD
00758851704873241325	shopify_ZZ_8819509559454_48084883538078	in_stock	4	89.00 HKD
00758851704873241325	shopify_ZZ_8822193651870_48093444178078	in_stock	9	135.00 HKD
00758851704873241325	shopify_ZZ_8822193750174_48093444571294	in_stock	2	165.00 HKD
00758851704873241325	shopify_ZZ_8822193717406_48093444440222	in_stock	5	145.00 HKD
00758851704873241325	shopify_ZZ_8835157262494_48142493745310	in_stock	5	125.00 HKD
00758851704873241325	shopify_ZZ_8835157295262_48142493778078	in_stock	4	125.00 HKD
00758851704873241325	shopify_ZZ_8835157328030_48142493810846	in_stock	3	110.00 HKD
00758851704873241325	shopify_ZZ_8822241394846_48093559029918	in_stock	3	129.00 HKD
00758851704873241325	shopify_ZZ_8822241460382_48093559193758	in_stock	1	25.00 HKD
00758851704873241325	shopify_ZZ_8817720721566_48079671001246	in_stock	6	108.00 HKD
00758851704873241325	shopify_ZZ_8817720721566_48079671034014	in_stock	5	108.00 HKD
00758851704873241325	shopify_ZZ_8817720721566_48079671066782	in_stock	4	108.00 HKD
00758851704873241325	shopify_ZZ_8817720721566_48079671099550	in_stock	6	108.00 HKD
00758851704873241325	shopify_ZZ_8822241296542_48093558866078	in_stock	4	129.00 HKD
00758851704873241325	shopify_ZZ_8822241427614_48093559062686	in_stock	7	139.00 HKD
00758851704873241325	shopify_ZZ_8817695326366_48079627649182	in_stock	5	138.00 HKD
00758851704873241325	shopify_ZZ_8817694933150_48079607070878	in_stock	5	138.00 HKD
00758851704873241325	shopify_ZZ_8817695850654_48079608873118	in_stock	4	138.00 HKD
00758851704873241325	shopify_ZZ_8817695850654_48079608840350	in_stock	5	138.00 HKD
00758851704873241325	shopify_ZZ_8817695850654_48079608807582	in_stock	4	138.00 HKD
00758851704873241325	shopify_ZZ_8817695850654_48079608774814	in_stock	5	138.00 HKD
00758851704873241325	shopify_ZZ_8817694933150_48079607103646	in_stock	5	138.00 HKD
00758851704873241325	shopify_ZZ_8817695654046_48079608479902	in_stock	8	130.00 HKD
00758851704873241325	shopify_ZZ_8817695654046_48079608447134	in_stock	7	130.00 HKD
00758851704873241325	shopify_ZZ_8817695654046_48079608414366	in_stock	4	130.00 HKD
00758851704873241325	shopify_ZZ_8817695654046_48079608545438	in_stock	5	130.00 HKD
00758851704873241325	shopify_ZZ_8817695654046_48079608512670	in_stock	5	130.00 HKD
00758851704873241325	shopify_ZZ_8817695195294_48079607595166	in_stock	3	269.00 HKD
00758851704873241325	shopify_ZZ_8817695195294_48079607562398	in_stock	9	269.00 HKD
00758851704873241325	shopify_ZZ_8817695195294_48079607529630	in_stock	5	269.00 HKD
00758851704873241325	shopify_ZZ_8822193684638_48093444309150	in_stock	5	108.00 HKD
00758851704873241325	shopify_ZZ_8822193553566_48093443817630	in_stock	34	18.00 HKD
00758851704873241325	shopify_ZZ_8822194700446_48093445914782	in_stock	1	159.00 HKD
00758851704873241325	shopify_ZZ_8822193815710_48093444866206	in_stock	4	119.00 HKD
00758851704873241325	shopify_ZZ_8822193848478_48093444997278	in_stock	4	129.00 HKD
00758851704873241325	shopify_ZZ_8818682593438_48082953175198	in_stock	5	78.00 HKD
00758851704873241325	shopify_ZZ_8818682593438_48082953207966	in_stock	4	78.00 HKD
00758851704873241325	shopify_ZZ_8818682593438_48082953240734	in_stock	5	78.00 HKD
00758851704873241325	shopify_ZZ_8818682593438_48082953273502	in_stock	5	78.00 HKD
00758851704873241325	shopify_ZZ_8818682593438_48082953306270	in_stock	6	78.00 HKD
00758851704873241325	shopify_ZZ_8818682593438_48082953339038	in_stock	5	78.00 HKD
00758851704873241325	shopify_ZZ_8818682593438_48203347689630	in_stock	4	78.00 HKD
00758851704873241325	shopify_ZZ_8818682593438_48082953404574	in_stock	5	78.00 HKD
00758851704873241325	shopify_ZZ_8818682593438_48082953371806	in_stock	5	78.00 HKD
00758851704873241325	shopify_ZZ_8818682593438_48203347722398	in_stock	5	78.00 HKD
00758851704873241325	shopify_ZZ_8818682593438_48082953437342	in_stock	5	78.00 HKD
00758851704873241325	shopify_ZZ_8818682593438_48082953470110	in_stock	4	78.00 HKD
00758851704873241325	shopify_ZZ_8818686492830_48082958647454	in_stock	5	55.00 HKD
00758851704873241325	shopify_ZZ_8818685345950_48082957107358	in_stock	4	55.00 HKD
00758851704873241325	shopify_ZZ_8818686492830_48082958680222	in_stock	5	55.00 HKD
00758851704873241325	shopify_ZZ_8818686492830_48082958712990	in_stock	3	55.00 HKD
00758851704873241325	shopify_ZZ_8818685345950_48082957140126	in_stock	4	55.00 HKD
00758851704873241325	shopify_ZZ_8818686492830_48082958745758	in_stock	4	55.00 HKD
00758851704873241325	shopify_ZZ_8818686492830_48082958778526	in_stock	5	55.00 HKD
00758851704873241325	shopify_ZZ_8818686492830_48082958811294	in_stock	5	55.00 HKD
00758851704873241325	shopify_ZZ_8818685345950_48082957172894	in_stock	5	55.00 HKD
00758851704873241325	shopify_ZZ_8818685345950_48082957205662	in_stock	4	55.00 HKD
00758851704873241325	shopify_ZZ_8818685345950_48082957238430	in_stock	3	55.00 HKD
00758851704873241325	shopify_ZZ_8818685345950_48082957271198	in_stock	4	55.00 HKD
00758851704873241325	shopify_ZZ_8818688524446_48082963267742	in_stock	5	95.00 HKD
00758851704873241325	shopify_ZZ_8818688524446_48082963300510	out_of_stock	0	95.00 HKD
00758851704873241325	shopify_ZZ_8818688524446_48082963333278	out_of_stock	0	95.00 HKD
00758851704873241325	shopify_ZZ_8818688524446_48082963366046	in_stock	4	95.00 HKD
00758851704873241325	shopify_ZZ_8818688524446_48082963398814	out_of_stock	0	95.00 HKD
00758851704873241325	shopify_ZZ_8814591738014_48070095175838	in_stock	5	118.00 HKD
00758851704873241325	shopify_ZZ_8814591738014_48070095208606	in_stock	6	118.00 HKD
00758851704873241325	shopify_ZZ_8814591738014_48070095241374	in_stock	1	118.00 HKD
00758851704873241325	shopify_ZZ_8814591738014_48070095274142	in_stock	5	118.00 HKD
00758851704873241325	shopify_ZZ_8814591738014_48070095306910	in_stock	4	118.00 HKD
00758851704873241325	shopify_ZZ_8814591738014_48070095339678	in_stock	6	118.00 HKD
00758851704873241325	shopify_ZZ_8814591738014_48070095372446	in_stock	5	118.00 HKD
00758851704873241325	shopify_ZZ_8814591770782_48070095601822	in_stock	3	108.00 HKD
00758851704873241325	shopify_ZZ_8814591770782_48070095634590	in_stock	4	108.00 HKD
00758851704873241325	shopify_ZZ_8814591770782_48070095667358	in_stock	2	108.00 HKD
00758851704873241325	shopify_ZZ_8814591770782_48070095700126	in_stock	3	108.00 HKD
00758851704873241325	shopify_ZZ_8814591770782_48070095732894	in_stock	5	108.00 HKD
00758851704873241325	shopify_ZZ_8814591770782_48070095765662	in_stock	6	108.00 HKD
00758851704873241325	shopify_ZZ_8814591770782_48070095798430	in_stock	3	108.00 HKD
00758851704873241325	shopify_ZZ_8814591770782_48070095831198	in_stock	5	108.00 HKD
00758851704873241325	shopify_ZZ_8814591770782_48070095863966	in_stock	4	108.00 HKD
00758851704873241325	shopify_ZZ_8814591770782_48070095896734	out_of_stock	0	108.00 HKD
00758851704873241325	shopify_ZZ_8814591803550_48070095962270	in_stock	10	49.00 HKD
00758851704873241325	shopify_ZZ_8829356015774_48116538278046	in_stock	3	129.00 HKD
00758851704873241325	shopify_ZZ_8817822236830_48079927443614	in_stock	3	95.00 HKD
00758851704873241325	shopify_ZZ_8817828790430_48079940747422	in_stock	6	88.00 HKD
00758851704873241325	shopify_ZZ_8817828790430_48079940780190	in_stock	7	88.00 HKD
00758851704873241325	shopify_ZZ_8817828790430_48079940812958	in_stock	5	88.00 HKD
00758851704873241325	shopify_ZZ_8817828790430_48079940845726	in_stock	4	88.00 HKD
00758851704873241325	shopify_ZZ_8817827610782_48079939076254	in_stock	4	98.00 HKD
00758851704873241325	shopify_ZZ_8817827610782_48079938912414	out_of_stock	0	98.00 HKD
00758851704873241325	shopify_ZZ_8817827610782_48079938945182	in_stock	5	98.00 HKD
00758851704873241325	shopify_ZZ_8817827610782_48079938977950	in_stock	6	98.00 HKD
00758851704873241325	shopify_ZZ_8817827610782_48079939010718	in_stock	3	98.00 HKD
00758851704873241325	shopify_ZZ_8817827610782_48079939043486	in_stock	5	98.00 HKD
00758851704873241325	shopify_ZZ_8817822236830_48079927574686	in_stock	3	95.00 HKD
00758851704873241325	shopify_ZZ_8817822236830_48079927607454	in_stock	6	95.00 HKD
00758851704873241325	shopify_ZZ_8819065520286_48083896565918	in_stock	6	79.00 HKD
00758851704873241325	shopify_ZZ_8819065520286_48083896598686	in_stock	4	79.00 HKD
00758851704873241325	shopify_ZZ_8819065520286_48083896631454	in_stock	6	79.00 HKD
00758851704873241325	shopify_ZZ_8819065520286_48083896664222	in_stock	6	79.00 HKD
00758851704873241325	shopify_ZZ_8819065520286_48083896696990	in_stock	6	79.00 HKD
00758851704873241325	shopify_ZZ_8819067584670_48083901251742	in_stock	9	89.00 HKD
00758851704873241325	shopify_ZZ_8819067584670_48083901284510	in_stock	5	89.00 HKD
00758851704873241325	shopify_ZZ_8817828790430_48079940878494	in_stock	5	88.00 HKD
00758851704873241325	shopify_ZZ_8817822236830_48079927640222	in_stock	8	95.00 HKD
00758851704873241325	shopify_ZZ_8817823678622_48079929344158	in_stock	4	78.00 HKD
00758851704873241325	shopify_ZZ_8817825546398_48079934652574	in_stock	6	128.00 HKD
00758851704873241325	shopify_ZZ_8819064701086_48083895320734	in_stock	3	89.00 HKD
00758851704873241325	shopify_ZZ_8819064701086_48083895353502	in_stock	11	89.00 HKD
00758851704873241325	shopify_ZZ_8819064701086_48083895386270	in_stock	4	89.00 HKD
00758851704873241325	shopify_ZZ_8819064701086_48083895419038	in_stock	6	89.00 HKD
00758851704873241325	shopify_ZZ_8819064701086_48083895451806	in_stock	5	89.00 HKD
00758851704873241325	shopify_ZZ_8817822236830_48079927672990	out_of_stock	0	95.00 HKD
00758851704873241325	shopify_ZZ_8817822236830_48079927705758	in_stock	6	95.00 HKD
00758851704873241325	shopify_ZZ_8817828790430_48079940911262	out_of_stock	0	88.00 HKD
00758851704873241325	shopify_ZZ_8860607840414_48208270622878	in_stock	5	68.00 HKD
00758851704873241325	shopify_ZZ_8822231629982_48093507092638	in_stock	1	118.00 HKD
00758851704873241325	shopify_ZZ_8822230614174_48093499555998	in_stock	7	108.00 HKD
00758851704873241325	shopify_ZZ_8822230712478_48093499654302	in_stock	6	108.00 HKD
00758851704873241325	shopify_ZZ_8822231138462_48093501784222	in_stock	3	155.00 HKD
00758851704873241325	shopify_ZZ_8822230319262_48093498802334	in_stock	10	108.00 HKD
00758851704873241325	shopify_ZZ_8860699197598_48208552657054	in_stock	3	148.00 HKD
00758851704873241325	shopify_ZZ_8861469671582_48211028410526	in_stock	5	109.00 HKD
00758851704873241325	shopify_ZZ_8860825616542_48208880533662	in_stock	2	109.00 HKD
00758851704873241325	shopify_ZZ_8860600369310_48208200532126	in_stock	5	109.00 HKD
00758851704873241325	shopify_ZZ_8861469737118_48211028476062	in_stock	2	109.00 HKD
00758851704873241325	shopify_ZZ_8819371999390_48084472463518	in_stock	6	178.00 HKD
00758851704873241325	shopify_ZZ_8819371999390_48084472496286	in_stock	5	178.00 HKD
00758851704873241325	shopify_ZZ_8819371999390_48084472529054	in_stock	10	178.00 HKD
00758851704873241325	shopify_ZZ_8819372851358_48084474232990	in_stock	5	99.00 HKD
00758851704873241325	shopify_ZZ_8819372851358_48084474265758	in_stock	13	99.00 HKD
00758851704873241325	shopify_ZZ_8819372851358_48084474298526	in_stock	8	99.00 HKD
00758851704873241325	shopify_ZZ_8819373342878_48084475543710	in_stock	4	128.00 HKD
00758851704873241325	shopify_ZZ_8819373342878_48084475576478	in_stock	3	128.00 HKD
00758851704873241325	shopify_ZZ_8819373342878_48084475609246	in_stock	2	128.00 HKD
00758851704873241325	shopify_ZZ_8819373342878_48084475642014	in_stock	4	128.00 HKD
00758851704873241325	shopify_ZZ_8819373342878_48084475707550	in_stock	3	128.00 HKD
00758851704873241325	shopify_ZZ_8819373342878_48084475674782	in_stock	2	128.00 HKD
00758851704873241325	shopify_ZZ_8819373342878_48084475740318	in_stock	4	128.00 HKD
00758851704873241325	shopify_ZZ_8819373342878_48084475773086	in_stock	3	128.00 HKD
00758851704873241325	shopify_ZZ_8819373310110_48084475052190	in_stock	3	178.00 HKD
00758851704873241325	shopify_ZZ_8819373310110_48084475084958	in_stock	3	178.00 HKD
00758851704873241325	shopify_ZZ_8819373310110_48084475117726	in_stock	3	178.00 HKD
00758851704873241325	shopify_ZZ_8817695654046_48079608578206	in_stock	5	130.00 HKD
00758851704873241325	shopify_ZZ_8817720721566_48079671165086	in_stock	7	108.00 HKD
00758851704873241325	shopify_ZZ_8817720721566_48079671132318	in_stock	4	108.00 HKD
00758851704873241325	shopify_ZZ_8822241558686_48093559292062	in_stock	1	119.00 HKD
00758851704873241325	shopify_ZZ_8822241493150_48093559226526	in_stock	2	89.00 HKD
00758851704873241325	shopify_ZZ_8817695096990_48079607398558	in_stock	5	269.00 HKD
00758851704873241325	shopify_ZZ_8817695096990_48079607431326	in_stock	10	269.00 HKD
00758851704873241325	shopify_ZZ_8817695096990_48079607464094	in_stock	6	269.00 HKD
00758851704873241325	shopify_ZZ_8822241001630_48093557653662	in_stock	5	128.00 HKD
00758851704873241325	shopify_ZZ_8817720688798_48079670968478	in_stock	6	78.00 HKD
00758851704873241325	shopify_ZZ_8817720787102_48079671361694	in_stock	7	62.00 HKD
00758851704873241325	shopify_ZZ_8817720787102_48079671328926	in_stock	5	62.00 HKD
00758851704873241325	shopify_ZZ_8822240772254_48093557424286	in_stock	7	148.00 HKD
00758851704873241325	shopify_ZZ_8817694998686_48079607300254	in_stock	2	269.00 HKD
00758851704873241325	shopify_ZZ_8817694998686_48079607267486	in_stock	2	269.00 HKD
00758851704873241325	shopify_ZZ_8817694998686_48079607234718	in_stock	1	269.00 HKD
00758851704873241325	shopify_ZZ_8817694933150_48079607169182	in_stock	5	138.00 HKD
00758851704873241325	shopify_ZZ_8817694933150_48079607136414	in_stock	6	138.00 HKD
00758851704873241325	shopify_ZZ_8829356408990_48116538966174	in_stock	8	155.00 HKD
00758851704873241325	shopify_ZZ_8818805866654_48083193987230	in_stock	3	118.00 HKD
00758851704873241325	shopify_ZZ_8818805866654_48083194019998	in_stock	3	118.00 HKD
00758851704873241325	shopify_ZZ_8818805866654_48083194052766	in_stock	4	118.00 HKD
00758851704873241325	shopify_ZZ_8818805866654_48083194085534	in_stock	4	118.00 HKD
00758851704873241325	shopify_ZZ_8818805866654_48083194118302	in_stock	4	118.00 HKD
00758851704873241325	shopify_ZZ_8818805866654_48083194151070	in_stock	4	118.00 HKD
00758851704873241325	shopify_ZZ_8818814058654_48083211321502	in_stock	7	188.00 HKD
00758851704873241325	shopify_ZZ_8818814058654_48083211354270	in_stock	8	188.00 HKD
00758851704873241325	shopify_ZZ_8818814058654_48083211387038	in_stock	8	188.00 HKD
00758851704873241325	shopify_ZZ_8818814124190_48083211452574	in_stock	7	188.00 HKD
00758851704873241325	shopify_ZZ_8818814124190_48083211485342	in_stock	7	188.00 HKD
00758851704873241325	shopify_ZZ_8818814124190_48083211518110	in_stock	8	188.00 HKD
00758851704873241325	shopify_ZZ_8818814582942_48083212370078	in_stock	9	138.00 HKD
00758851704873241325	shopify_ZZ_8818814582942_48083212337310	in_stock	8	138.00 HKD
00758851704873241325	shopify_ZZ_8818814615710_48083212435614	in_stock	2	155.00 HKD
00758851704873241325	shopify_ZZ_8818814615710_48083212402846	in_stock	3	155.00 HKD
00758851704873241325	shopify_ZZ_8818814550174_48083212304542	in_stock	6	138.00 HKD
00758851704873241325	shopify_ZZ_8818814550174_48083212271774	in_stock	1	138.00 HKD
00758851704873241325	shopify_ZZ_8818814517406_48083212206238	in_stock	7	148.00 HKD
00758851704873241325	shopify_ZZ_8818814517406_48083212239006	in_stock	7	148.00 HKD
00758851704873241325	shopify_ZZ_8818814517406_48083212173470	in_stock	9	148.00 HKD
00758851704873241325	shopify_ZZ_8818814517406_48083212140702	in_stock	9	148.00 HKD
00758851704873241325	shopify_ZZ_8820286947486_48086956638366	in_stock	14	98.00 HKD
00758851704873241325	shopify_ZZ_8820286947486_48086956671134	in_stock	14	98.00 HKD
00758851704873241325	shopify_ZZ_8820286947486_48086956540062	in_stock	13	98.00 HKD
00758851704873241325	shopify_ZZ_8820286947486_48086956572830	in_stock	13	98.00 HKD
00758851704873241325	shopify_ZZ_8820286947486_48086956703902	in_stock	14	98.00 HKD
00758851704873241325	shopify_ZZ_8820286947486_48086956736670	in_stock	13	98.00 HKD
00758851704873241325	shopify_ZZ_8820286947486_48086956605598	in_stock	13	98.00 HKD
00758851704873241325	shopify_ZZ_8820286488734_48086955622558	in_stock	7	138.00 HKD
00758851704873241325	shopify_ZZ_8820286390430_48086954836126	in_stock	3	218.00 HKD
00758851704873241325	shopify_ZZ_8822092693662_48093310648478	in_stock	6	85.00 HKD
00758851704873241325	shopify_ZZ_8822093152414_48093311139998	in_stock	1	125.00 HKD
00758851704873241325	shopify_ZZ_8822091972766_48093309927582	in_stock	2	165.00 HKD
00758851704873241325	shopify_ZZ_8822092136606_48093310091422	in_stock	10	110.00 HKD
00758851704873241325	shopify_ZZ_8819137577118_48084050673822	in_stock	3	138.00 HKD
00758851704873241325	shopify_ZZ_8819137577118_48084050706590	in_stock	2	138.00 HKD
00758851704873241325	shopify_ZZ_8829356638366_48116539293854	in_stock	6	89.00 HKD
00758851704873241325	shopify_ZZ_8829356572830_48116539228318	in_stock	6	125.00 HKD
00758851704873241325	shopify_ZZ_8822241722526_48093559750814	in_stock	5	128.00 HKD
00758851704873241325	shopify_ZZ_8829356114078_48116538376350	in_stock	2	145.00 HKD
00758851704873241325	shopify_ZZ_8829356441758_48116538998942	in_stock	8	139.00 HKD
00758851704873241325	shopify_ZZ_8863434997918_48216190746782	in_stock	2	350.00 HKD
00758851704873241325	shopify_ZZ_8863035097246_48215366697118	in_stock	3	39.00 HKD
00758851704873241325	shopify_ZZ_8863159517342_48215617011870	in_stock	6	39.00 HKD
00758851704873241325	shopify_ZZ_8863154110622_48215611179166	in_stock	2	550.00 HKD
00758851704873241325	shopify_ZZ_8863149031582_48215602921630	in_stock	2	408.00 HKD
00758851704873241325	shopify_ZZ_8863161188510_48215619109022	in_stock	1	238.00 HKD
00758851704873241325	shopify_ZZ_8807260618910_48049610227870	out_of_stock	0	128.00 HKD
00758851704873241325	shopify_ZZ_8807260618910_48049610129566	in_stock	2	128.00 HKD
00758851704873241325	shopify_ZZ_8807260618910_48049610162334	out_of_stock	0	128.00 HKD
00758851704873241325	shopify_ZZ_8807260618910_48049610195102	in_stock	4	128.00 HKD
00758851704873241325	shopify_ZZ_8807260553374_48049610064030	in_stock	4	138.00 HKD
00758851704873241325	shopify_ZZ_8807260651678_48049610326174	in_stock	2	128.00 HKD
00758851704873241325	shopify_ZZ_8807260651678_48049610358942	in_stock	5	128.00 HKD
00758851704873241325	shopify_ZZ_8807260651678_48049610293406	out_of_stock	0	128.00 HKD
00758851704873241325	shopify_ZZ_8807260553374_48049609998494	out_of_stock	0	138.00 HKD
00758851704873241325	shopify_ZZ_8807260553374_48049610031262	in_stock	2	138.00 HKD
00758851704873241325	shopify_ZZ_8863165186206_48215623499934	in_stock	5	48.00 HKD
00758851704873241325	shopify_ZZ_8863033983134_48215365451934	in_stock	2	398.00 HKD
00758851704873241325	shopify_ZZ_8863041552542_48215373775006	in_stock	2	478.00 HKD
00758851704873241325	shopify_ZZ_8863434178718_48216189468830	in_stock	1	89.00 HKD
00758851704873241325	shopify_ZZ_8863035818142_48215367418014	in_stock	6	79.00 HKD
00758851704873241325	shopify_ZZ_8863159845022_48215617470622	in_stock	1	58.00 HKD
00758851704873241325	shopify_ZZ_8862503633054_48214143402142	in_stock	1	59.00 HKD
00758851704873241325	shopify_ZZ_8860610298014_48208278552734	in_stock	1	69.00 HKD
00758851704873241325	shopify_ZZ_8861486481566_48211112427678	in_stock	4	29.00 HKD
00758851704873241325	shopify_ZZ_8860600598686_48208200958110	in_stock	6	29.00 HKD
00758851704873241325	shopify_ZZ_8861469573278_48211028279454	in_stock	3	29.00 HKD
00758851704873241325	shopify_ZZ_8861469507742_48211028050078	in_stock	5	29.00 HKD
00758851704873241325	shopify_ZZ_8860600631454_48208200990878	in_stock	4	29.00 HKD
00758851704873241325	shopify_ZZ_8861469376670_48211027886238	in_stock	5	58.00 HKD
00758851704873241325	shopify_ZZ_8860699754654_48208559177886	in_stock	6	58.00 HKD
00758851704873241325	shopify_ZZ_8860699885726_48208561733790	in_stock	3	58.00 HKD
00758851704873241325	shopify_ZZ_8860610363550_48208278651038	in_stock	3	69.00 HKD
00758851704873241325	shopify_ZZ_8862497144990_48214136586398	in_stock	6	69.00 HKD
00758851704873241325	shopify_ZZ_8860610330782_48208278618270	in_stock	2	69.00 HKD
00758851704873241325	shopify_ZZ_8861469442206_48211027984542	in_stock	2	68.00 HKD
00758851704873241325	shopify_ZZ_8835165225118_48142535622814	in_stock	3	248.00 HKD
00758851704873241325	shopify_ZZ_8835165323422_48142535721118	in_stock	6	248.00 HKD
00758851704873241325	shopify_ZZ_8860686483614_48208513794206	in_stock	5	238.00 HKD
00758851704873241325	shopify_ZZ_8835164864670_48142535131294	in_stock	3	268.00 HKD
00758851704873241325	shopify_ZZ_8835165257886_48142535655582	in_stock	6	248.00 HKD
00758851704873241325	shopify_ZZ_8835164602526_48142534705310	in_stock	4	98.00 HKD
00758851704873241325	shopify_ZZ_8835164536990_48142534639774	in_stock	5	89.00 HKD
00758851704873241325	shopify_ZZ_8835164176542_48142534148254	in_stock	5	289.00 HKD
00758851704873241325	shopify_ZZ_8835163521182_48142533001374	in_stock	5	289.00 HKD
00758851704873241325	shopify_ZZ_8835163881630_48142533591198	in_stock	3	178.00 HKD
00758851704873241325	shopify_ZZ_8835164831902_48142535000222	in_stock	7	69.00 HKD
00758851704873241325	shopify_ZZ_8835164471454_48142534574238	in_stock	8	69.00 HKD
00758851704873241325	shopify_ZZ_8835165388958_48142535917726	in_stock	6	69.00 HKD
00758851704873241325	shopify_ZZ_8835165159582_48142535524510	in_stock	6	248.00 HKD
00758851704873241325	shopify_ZZ_8863150342302_48215606362270	in_stock	1	95.00 HKD
00758851704873241325	shopify_ZZ_8835165454494_48142535983262	in_stock	2	280.00 HKD
00758851704873241325	shopify_ZZ_8835163816094_48142533525662	in_stock	5	128.00 HKD
00758851704873241325	shopify_ZZ_8835164733598_48142534836382	in_stock	4	79.00 HKD
00758851704873241325	shopify_ZZ_8835165421726_48142535950494	in_stock	6	79.00 HKD
00758851704873241325	shopify_ZZ_8835164635294_48142534738078	in_stock	4	79.00 HKD
00758851704873241325	shopify_ZZ_8835164799134_48142534934686	in_stock	3	168.00 HKD
00758851704873241325	shopify_ZZ_8835163357342_48142532804766	in_stock	4	158.00 HKD
00758851704873241325	shopify_ZZ_8835162931358_48142531035294	in_stock	6	158.00 HKD
00758851704873241325	shopify_ZZ_8835162996894_48142531788958	in_stock	4	128.00 HKD
00758851704873241325	shopify_ZZ_8863433359518_48216188616862	in_stock	4	215.00 HKD
00758851704873241325	shopify_ZZ_8829355851934_48116538114206	in_stock	3	145.00 HKD
00758851704873241325	shopify_ZZ_8829356671134_48116539326622	in_stock	9	98.00 HKD
00758851704873241325	shopify_ZZ_8829356474526_48116539031710	in_stock	5	129.00 HKD
00758851704873241325	shopify_ZZ_8829356703902_48116539359390	in_stock	8	98.00 HKD
00758851704873241325	shopify_ZZ_8829356146846_48116538409118	in_stock	2	98.00 HKD
00758851704873241325	shopify_ZZ_8829356769438_48116539523230	in_stock	9	98.00 HKD
00758851704873241325	shopify_ZZ_8829355884702_48116538146974	in_stock	1	145.00 HKD
00758851704873241325	shopify_ZZ_8863160860830_48215618683038	in_stock	3	138.00 HKD
00758851704873241325	shopify_ZZ_8863038308510_48215369908382	in_stock	3	88.00 HKD
00758851704873241325	shopify_ZZ_8863041159326_48215373349022	in_stock	4	138.00 HKD
00758851704873241325	shopify_ZZ_8863156994206_48215614423198	in_stock	3	138.00 HKD
00758851704873241325	shopify_ZZ_8863434506398_48216189796510	in_stock	3	129.00 HKD
00758851704873241325	shopify_ZZ_8863162531998_48215620747422	in_stock	3	285.00 HKD
00758851704873241325	shopify_ZZ_8863157747870_48215615209630	in_stock	10	119.00 HKD
00758851704873241325	shopify_ZZ_8863148671134_48215602135198	in_stock	10	132.00 HKD
00758851704873241325	shopify_ZZ_8863433916574_48216189206686	in_stock	7	129.00 HKD
00758851704873241325	shopify_ZZ_8863040405662_48215372365982	in_stock	5	78.00 HKD
00758851704873241325	shopify_ZZ_8863434408094_48216189698206	in_stock	5	59.00 HKD
00758851704873241325	shopify_ZZ_8863434801310_48216190386334	in_stock	5	59.00 HKD
00758851704873241325	shopify_ZZ_8861469900958_48211028672670	in_stock	2	99.00 HKD
00758851704873241325	shopify_ZZ_8863036113054_48215367712926	in_stock	6	98.00 HKD
00758851704873241325	shopify_ZZ_8861469933726_48211028705438	in_stock	1	88.00 HKD
00758851704873241325	shopify_ZZ_8835159261342_48142509179038	in_stock	6	105.00 HKD
00758851704873241325	shopify_ZZ_8861467607198_48211024117918	in_stock	6	35.00 HKD
00758851704873241325	shopify_ZZ_8861467869342_48211024445598	in_stock	1	65.00 HKD
00758851704873241325	shopify_ZZ_8822230581406_48093499523230	in_stock	10	18.00 HKD
00758851704873241325	shopify_ZZ_8822230941854_48093499949214	in_stock	1	138.00 HKD
00758851704873241325	shopify_ZZ_8822231302302_48093506764958	in_stock	8	18.00 HKD
00758851704873241325	shopify_ZZ_8822230810782_48093499752606	in_stock	3	138.00 HKD
00758851704873241325	shopify_ZZ_8819064307870_48083894927518	in_stock	5	210.00 HKD
00758851704873241325	shopify_ZZ_8822235660446_48093535240350	in_stock	4	138.00 HKD
00758851704873241325	shopify_ZZ_8822233858206_48093527408798	in_stock	26	18.00 HKD
00758851704873241325	shopify_ZZ_8822238052510_48093545562270	in_stock	3	98.00 HKD
00758851704873241325	shopify_ZZ_8822234480798_48093530849438	in_stock	6	119.00 HKD
00758851704873241325	shopify_ZZ_8822234349726_48093528850590	in_stock	8	129.00 HKD
00758851704873241325	shopify_ZZ_8822234579102_48093530947742	in_stock	6	168.00 HKD
00758851704873241325	shopify_ZZ_8822234120350_48093528457374	in_stock	9	69.00 HKD
00758851704873241325	shopify_ZZ_8822234185886_48093528522910	in_stock	9	68.00 HKD
00758851704873241325	shopify_ZZ_8822233890974_48093527441566	in_stock	16	68.00 HKD
00758851704873241325	shopify_ZZ_8822235725982_48093535305886	in_stock	5	138.00 HKD
00758851704873241325	shopify_ZZ_8822234513566_48093530882206	in_stock	6	89.00 HKD
00758851704873241325	shopify_ZZ_8822237954206_48093545332894	in_stock	3	89.00 HKD
00758851704873241325	shopify_ZZ_8822234316958_48093528817822	in_stock	9	79.00 HKD
00758851704873241325	shopify_ZZ_8822234218654_48093528555678	in_stock	9	69.00 HKD
00758851704873241325	shopify_ZZ_8822234054814_48093527802014	in_stock	10	99.00 HKD
00758851704873241325	shopify_ZZ_8822235168926_48093533569182	in_stock	5	138.00 HKD
00758851704873241325	shopify_ZZ_8822238118046_48093545693342	in_stock	2	155.00 HKD
00758851704873241325	shopify_ZZ_8822237855902_48093545136286	in_stock	4	118.00 HKD
00758851704873241325	shopify_ZZ_8822238019742_48093545529502	in_stock	1	99.00 HKD
00758851704873241325	shopify_ZZ_8822235693214_48093535273118	in_stock	5	168.00 HKD
00758851704873241325	shopify_ZZ_8822234284190_48093528785054	in_stock	9	69.00 HKD
00758851704873241325	shopify_ZZ_8822237266078_48093542318238	in_stock	3	188.00 HKD
00758851704873241325	shopify_ZZ_8822235562142_48093535142046	in_stock	5	138.00 HKD
00758851704873241325	shopify_ZZ_8822234644638_48093531242654	in_stock	6	138.00 HKD
00758851704873241325	shopify_ZZ_8822235922590_48093535862942	in_stock	5	138.00 HKD
00758851704873241325	shopify_ZZ_8822235791518_48093535371422	in_stock	5	138.00 HKD
00758851704873241325	shopify_ZZ_8822234546334_48093530914974	in_stock	6	138.00 HKD
00758851704873241325	shopify_ZZ_8822235889822_48093535830174	in_stock	5	68.00 HKD
00758851704873241325	shopify_ZZ_8822238249118_48093545824414	in_stock	2	68.00 HKD
00758851704873241325	shopify_ZZ_8822235758750_48093535338654	in_stock	5	68.00 HKD
00758851704873241325	shopify_ZZ_8822234448030_48093530816670	in_stock	6	139.00 HKD
00758851704873241325	shopify_ZZ_8822234710174_48093531308190	in_stock	5	119.00 HKD
00758851704873241325	shopify_ZZ_8822237921438_48093545300126	in_stock	3	109.00 HKD
00758851704873241325	shopify_ZZ_8822238150814_48093545726110	in_stock	2	145.00 HKD
00758851704873241325	shopify_ZZ_8822235496606_48093534945438	in_stock	5	138.00 HKD
00758851704873241325	shopify_ZZ_8822235627678_48093535207582	in_stock	5	188.00 HKD
00758851704873241325	shopify_ZZ_8822234153118_48093528490142	in_stock	9	169.00 HKD
00758851704873241325	shopify_ZZ_8822235332766_48093534257310	in_stock	5	138.00 HKD
00758851704873241325	shopify_ZZ_8822235037854_48093533044894	in_stock	5	62.00 HKD
00758851704873241325	shopify_ZZ_8822238314654_48093546053790	in_stock	6	168.00 HKD
00758851704873241325	shopify_ZZ_8822238347422_48093546086558	in_stock	7	168.00 HKD
00758851704873241325	shopify_ZZ_8834570191006_48138876027038	in_stock	6	185.00 HKD
00758851704873241325	shopify_ZZ_8835159425182_48142509342878	in_stock	5	148.00 HKD
00758851704873241325	shopify_ZZ_8835159294110_48142509211806	in_stock	2	105.00 HKD
00758851704873241325	shopify_ZZ_8861467836574_48211024412830	in_stock	1	68.00 HKD
00758851704873241325	shopify_ZZ_8861469114526_48211027329182	in_stock	6	98.00 HKD
00758851704873241325	shopify_ZZ_8860515238046_48207656386718	in_stock	4	148.00 HKD
00758851704873241325	shopify_ZZ_8860515336350_48207656976542	in_stock	4	158.00 HKD
00758851704873241325	shopify_ZZ_8859707408542_48204743311518	in_stock	3	98.00 HKD
00758851704873241325	shopify_ZZ_8860521234590_48207707963550	in_stock	5	118.00 HKD
00758851704873241325	shopify_ZZ_8859707736222_48204743737502	in_stock	1	118.00 HKD
00758851704873241325	shopify_ZZ_8860610429086_48208278782110	in_stock	5	118.00 HKD
00758851704873241325	shopify_ZZ_8860515565726_48207658680478	in_stock	6	98.00 HKD
00758851704873241325	shopify_ZZ_8860515664030_48207659237534	in_stock	4	108.00 HKD
00758851704873241325	shopify_ZZ_8822234677406_48093531275422	in_stock	6	89.00 HKD
00758851704873241325	shopify_ZZ_8822233956510_48093527703710	in_stock	12	96.00 HKD
00758851704873241325	shopify_ZZ_8822234022046_48093527769246	in_stock	11	179.00 HKD
00758851704873241325	shopify_ZZ_8822240739486_48093557391518	in_stock	6	98.00 HKD
00758851704873241325	shopify_ZZ_8822235824286_48093535404190	in_stock	5	138.00 HKD
00758851704873241325	shopify_ZZ_8860698247326_48208550723742	in_stock	5	169.00 HKD
00758851704873241325	shopify_ZZ_8863157420190_48215614849182	in_stock	7	118.00 HKD
00758851704873241325	shopify_ZZ_8860609675422_48208275669150	in_stock	3	138.00 HKD
00758851704873241325	shopify_ZZ_8863434735774_48216190320798	in_stock	4	196.00 HKD
00758851704873241325	shopify_ZZ_8860599713950_48208190275742	in_stock	1	38.00 HKD
00758851704873241325	shopify_ZZ_8860819816606_48208862478494	in_stock	3	28.00 HKD
00758851704873241325	shopify_ZZ_8860820373662_48208867885214	in_stock	4	38.00 HKD
00758851704873241325	shopify_ZZ_8860819554462_48208861233310	in_stock	7	38.00 HKD
00758851704873241325	shopify_ZZ_8860804972702_48208834232478	in_stock	4	189.00 HKD
00758851704873241325	shopify_ZZ_8863041650846_48215373873310	in_stock	5	158.00 HKD
00758851704873241325	shopify_ZZ_8860599550110_48208189751454	in_stock	3	89.00 HKD
00758851704873241325	shopify_ZZ_8860819194014_48208859725982	in_stock	3	89.00 HKD
00758851704873241325	shopify_ZZ_8860599681182_48208190242974	in_stock	3	59.00 HKD
00758851704873241325	shopify_ZZ_8860818931870_48208859332766	in_stock	5	89.00 HKD
00758851704873241325	shopify_ZZ_8860819423390_48208860905630	in_stock	5	89.00 HKD
00758851704873241325	shopify_ZZ_8862496784542_48214135734430	in_stock	5	148.00 HKD
00758851704873241325	shopify_ZZ_8859707474078_48204743377054	in_stock	2	138.00 HKD
00758851704873241325	shopify_ZZ_8859707834526_48204743868574	in_stock	4	138.00 HKD
00758851704873241325	shopify_ZZ_8861469868190_48211028639902	in_stock	2	85.00 HKD
00758851704873241325	shopify_ZZ_8860837183646_48208940335262	in_stock	3	85.00 HKD
00758851704873241325	shopify_ZZ_8860837150878_48208940302494	in_stock	4	85.00 HKD
00758851704873241325	shopify_ZZ_8860598206622_48208183918750	in_stock	1	46.00 HKD
00758851704873241325	shopify_ZZ_8860598337694_48208185327774	in_stock	1	58.00 HKD
00758851704873241325	shopify_ZZ_8860598599838_48208186146974	in_stock	2	95.00 HKD
00758851704873241325	shopify_ZZ_8860598796446_48208187457694	in_stock	1	178.00 HKD
00758851704873241325	shopify_ZZ_8860598435998_48208185753758	in_stock	4	69.00 HKD
00758851704873241325	shopify_ZZ_8861469245598_48211027755166	in_stock	1	69.00 HKD
00758851704873241325	shopify_ZZ_8860598141086_48208183787678	in_stock	1	45.00 HKD
00758851704873241325	shopify_ZZ_8835163553950_48142533034142	in_stock	15	98.00 HKD
00758851704873241325	shopify_ZZ_8835163652254_48142533165214	in_stock	8	98.00 HKD
00758851704873241325	shopify_ZZ_8835165683870_48142536310942	in_stock	12	98.00 HKD
00758851704873241325	shopify_ZZ_8835165618334_48142536245406	in_stock	2	129.00 HKD
00758851704873241325	shopify_ZZ_8835165585566_48142536212638	in_stock	10	98.00 HKD
00758851704873241325	shopify_ZZ_8835165716638_48142536343710	in_stock	4	219.00 HKD
00758851704873241325	shopify_ZZ_8835165487262_48142536016030	in_stock	14	68.00 HKD
00758851704873241325	shopify_ZZ_8835163259038_48142532706462	in_stock	10	158.00 HKD
00758851704873241325	shopify_ZZ_8835163160734_48142532542622	in_stock	10	158.00 HKD
00758851704873241325	shopify_ZZ_8835165552798_48142536179870	in_stock	4	98.00 HKD
00758851704873241325	shopify_ZZ_8874556260510_48246137323678	in_stock	4	148.00 HKD
00758851704873241325	shopify_ZZ_8835165651102_48142536278174	in_stock	14	148.00 HKD
00758851704873241325	shopify_ZZ_8863148310686_48215601774750	in_stock	3	39.00 HKD
00758851704873241325	shopify_ZZ_8863148343454_48215601807518	in_stock	2	39.00 HKD
00758851704873241325	shopify_ZZ_8863040143518_48215372071070	in_stock	2	98.00 HKD
00758851704873241325	shopify_ZZ_8863160303774_48215618027678	in_stock	3	98.00 HKD
00758851704873241325	shopify_ZZ_8863039226014_48215370825886	in_stock	8	98.00 HKD
00758851704873241325	shopify_ZZ_8863041585310_48215373807774	in_stock	16	38.00 HKD
00758851704873241325	shopify_ZZ_8863040667806_48215372628126	in_stock	14	68.00 HKD
00758851704873241325	shopify_ZZ_8822226878622_48093493461150	in_stock	4	129.00 HKD
00758851704873241325	shopify_ZZ_8822226190494_48093492740254	in_stock	3	149.00 HKD
00758851704873241325	shopify_ZZ_8822235988126_48093535928478	in_stock	3	89.00 HKD
00758851704873241325	shopify_ZZ_8822234382494_48093528883358	in_stock	7	38.00 HKD
00758851704873241325	shopify_ZZ_8817609670814_48079448932510	in_stock	9	89.00 HKD
00758851704873241325	shopify_ZZ_8817609670814_48079448965278	in_stock	9	89.00 HKD
00758851704873241325	shopify_ZZ_8817609670814_48079448998046	in_stock	8	89.00 HKD
00758851704873241325	shopify_ZZ_8817609736350_48079449260190	in_stock	8	88.00 HKD
00758851704873241325	shopify_ZZ_8817609736350_48079449292958	in_stock	9	88.00 HKD
00758851704873241325	shopify_ZZ_8817609736350_48079449325726	in_stock	8	88.00 HKD
00758851704873241325	shopify_ZZ_8817609605278_48079448113310	in_stock	6	118.00 HKD
00758851704873241325	shopify_ZZ_8817609605278_48079448146078	in_stock	5	118.00 HKD
00758851704873241325	shopify_ZZ_8817609605278_48079448178846	in_stock	8	118.00 HKD
00758851704873241325	shopify_ZZ_8817609605278_48079448211614	in_stock	8	118.00 HKD
00758851704873241325	shopify_ZZ_8817609605278_48079448244382	in_stock	9	118.00 HKD
00758851704873241325	shopify_ZZ_8817609605278_48079448277150	in_stock	9	118.00 HKD
00758851704873241325	shopify_ZZ_8817609703582_48079449227422	in_stock	6	79.00 HKD
00758851704873241325	shopify_ZZ_8817609703582_48079449194654	in_stock	7	79.00 HKD
00758851704873241325	shopify_ZZ_8817609703582_48079449161886	in_stock	8	79.00 HKD
00758851704873241325	shopify_ZZ_8817609703582_48079449129118	in_stock	3	79.00 HKD
00758851704873241325	shopify_ZZ_8817609703582_48079449096350	in_stock	6	79.00 HKD
00758851704873241325	shopify_ZZ_8817609670814_48079449030814	in_stock	8	89.00 HKD
00758851704873241325	shopify_ZZ_8817609670814_48079449063582	in_stock	4	89.00 HKD
00758851704873241325	shopify_ZZ_8817609605278_48079448309918	in_stock	8	118.00 HKD
00758851704873241325	shopify_ZZ_8817609605278_48079448342686	in_stock	7	118.00 HKD
00758851704873241325	shopify_ZZ_8817609605278_48079448375454	in_stock	9	118.00 HKD
00758851704873241325	shopify_ZZ_8817609605278_48079448408222	in_stock	5	118.00 HKD
00758851704873241325	shopify_ZZ_8817609638046_48079448440990	in_stock	8	78.00 HKD
00758851704873241325	shopify_ZZ_8817609638046_48079448473758	in_stock	7	78.00 HKD
00758851704873241325	shopify_ZZ_8817609638046_48079448506526	in_stock	5	78.00 HKD
00758851704873241325	shopify_ZZ_8817609638046_48079448539294	in_stock	4	78.00 HKD
00758851704873241325	shopify_ZZ_8817609638046_48079448572062	in_stock	7	78.00 HKD
00758851704873241325	shopify_ZZ_8817609638046_48079448604830	in_stock	9	78.00 HKD
00758851704873241325	shopify_ZZ_8817609638046_48079448637598	in_stock	7	78.00 HKD
00758851704873241325	shopify_ZZ_8817609638046_48079448670366	in_stock	9	78.00 HKD
00758851704873241325	shopify_ZZ_8817609638046_48079448703134	in_stock	8	78.00 HKD
00758851704873241325	shopify_ZZ_8817609638046_48079448735902	in_stock	6	78.00 HKD
00758851704873241325	shopify_ZZ_8817609638046_48079448834206	in_stock	8	78.00 HKD
00758851704873241325	shopify_ZZ_8817609638046_48079448801438	in_stock	8	78.00 HKD
00758851704873241325	shopify_ZZ_8817609638046_48079448768670	in_stock	9	78.00 HKD
00758851704873241325	shopify_ZZ_8817609638046_48079448866974	in_stock	9	78.00 HKD
00758851704873241325	shopify_ZZ_8817609638046_48079448899742	in_stock	8	78.00 HKD
00758851704873241325	shopify_ZZ_8860689891486_48208522117278	in_stock	6	118.00 HKD
00758851704873241325	shopify_ZZ_8860601942174_48208207052958	in_stock	1	128.00 HKD
00758851704873241325	shopify_ZZ_8860601876638_48208206430366	in_stock	5	119.00 HKD
00758851704873241325	shopify_ZZ_8860602597534_48208210559134	in_stock	4	119.00 HKD
00758851704873241325	shopify_ZZ_8860683141278_48208493707422	in_stock	3	89.00 HKD
00758851704873241325	shopify_ZZ_8822244769950_48093568925854	in_stock	8	69.00 HKD
00758851704873241325	shopify_ZZ_8860602433694_48208210231454	in_stock	2	95.00 HKD
00758851704873241325	shopify_ZZ_8860603777182_48208213180574	in_stock	1	89.00 HKD
00758851704873241325	shopify_ZZ_8860602695838_48208210788510	in_stock	4	48.00 HKD
00758851704873241325	shopify_ZZ_8860602990750_48208211116190	in_stock	4	128.00 HKD
00758851704873241325	shopify_ZZ_8860602106014_48208208494750	in_stock	5	109.00 HKD
00758851704873241325	shopify_ZZ_8860683075742_48208493609118	in_stock	6	128.00 HKD
00758851704873241325	shopify_ZZ_8860802318494_48208830529694	in_stock	2	128.00 HKD
00758851704873241325	shopify_ZZ_8862498521246_48214137962654	in_stock	1	128.00 HKD
00758851704873241325	shopify_ZZ_8835165946014_48142536835230	in_stock	3	19.00 HKD
00758851704873241325	shopify_ZZ_8835166044318_48142536933534	in_stock	6	19.00 HKD
00758851704873241325	shopify_ZZ_8835166077086_48142536999070	in_stock	9	19.00 HKD
00758851704873241325	shopify_ZZ_8835165978782_48142536867998	in_stock	9	19.00 HKD
00758851704873241325	shopify_ZZ_8835166011550_48142536900766	in_stock	6	19.00 HKD
00758851704873241325	shopify_ZZ_8835164373150_48142534443166	in_stock	18	19.00 HKD
00758851704873241325	shopify_ZZ_8835164307614_48142534312094	in_stock	12	19.00 HKD
00758851704873241325	shopify_ZZ_8863148867742_48215602626718	in_stock	1	45.00 HKD
00758851704873241325	shopify_ZZ_8860605448350_48208233431198	in_stock	3	69.00 HKD
00758851704873241325	shopify_ZZ_8860605841566_48208240345246	in_stock	3	69.00 HKD
00758851704873241325	shopify_ZZ_8860606038174_48208241361054	in_stock	6	69.00 HKD
00758851704873241325	shopify_ZZ_8861469966494_48211028738206	in_stock	5	29.00 HKD
00758851704873241325	shopify_ZZ_8817737564318_48079778152606	in_stock	7	75.00 HKD
00758851704873241325	shopify_ZZ_8817737564318_48079778185374	in_stock	8	75.00 HKD
00758851704873241325	shopify_ZZ_8817737564318_48079778218142	out_of_stock	0	75.00 HKD
00758851704873241325	shopify_ZZ_8817738186910_48079785492638	out_of_stock	0	65.00 HKD
00758851704873241325	shopify_ZZ_8817738186910_48079785525406	in_stock	6	65.00 HKD
00758851704873241325	shopify_ZZ_8817738186910_48079785558174	in_stock	7	65.00 HKD
00758851704873241325	shopify_ZZ_8817738186910_48079785590942	in_stock	9	65.00 HKD
00758851704873241325	shopify_ZZ_8817733206174_48079734177950	in_stock	3	89.00 HKD
00758851704873241325	shopify_ZZ_8817733206174_48079734210718	in_stock	7	89.00 HKD
00758851704873241325	shopify_ZZ_8817733075102_48079730245790	in_stock	7	79.00 HKD
00758851704873241325	shopify_ZZ_8817733075102_48079730278558	in_stock	8	79.00 HKD
00758851704873241325	shopify_ZZ_8817733075102_48079730311326	in_stock	7	79.00 HKD
00758851704873241325	shopify_ZZ_8817733042334_48079728902302	in_stock	1	95.00 HKD
00758851704873241325	shopify_ZZ_8817737564318_48079778250910	in_stock	3	75.00 HKD
00758851704873241325	shopify_ZZ_8863147950238_48215601283230	in_stock	5	149.00 HKD
00758851704873241325	shopify_ZZ_8860689727646_48208521953438	in_stock	3	108.00 HKD
00758851704873241325	shopify_ZZ_8821846474910_48091787886750	in_stock	3	119.00 HKD
00758851704873241325	shopify_ZZ_8821846147230_48091784642718	in_stock	4	115.00 HKD
00758851704873241325	shopify_ZZ_8821846016158_48091784511646	in_stock	3	139.00 HKD
00758851704873241325	shopify_ZZ_8821845983390_48091784478878	in_stock	3	126.00 HKD
00758851704873241325	shopify_ZZ_8821846278302_48091784806558	in_stock	2	139.00 HKD
00758851704873241325	shopify_ZZ_8821845852318_48091784347806	in_stock	5	129.00 HKD
00758851704873241325	shopify_ZZ_8821845917854_48091784413342	in_stock	5	124.00 HKD
00758851704873241325	shopify_ZZ_8821846507678_48091787919518	in_stock	3	98.00 HKD
00758851704873241325	shopify_ZZ_8821845819550_48091784315038	in_stock	5	129.00 HKD
00758851704873241325	shopify_ZZ_8821845622942_48091784118430	in_stock	6	98.00 HKD
00758851704873241325	shopify_ZZ_8821846048926_48091784544414	in_stock	3	118.00 HKD
00758851704873241325	shopify_ZZ_8821845721246_48091784216734	in_stock	5	129.00 HKD
00758851704873241325	shopify_ZZ_8860845113502_48208983883934	in_stock	6	59.00 HKD
00758851704873241325	shopify_ZZ_8863148277918_48215601741982	in_stock	7	29.00 HKD
00758851704873241325	shopify_ZZ_8863148376222_48215601840286	in_stock	6	29.00 HKD
00758851704873241325	shopify_ZZ_8860607807646_48208270590110	in_stock	4	268.00 HKD
00758851704873241325	shopify_ZZ_8819065618590_48083897614494	in_stock	8	67.00 HKD
00758851704873241325	shopify_ZZ_8819065618590_48083897647262	in_stock	7	67.00 HKD
00758851704873241325	shopify_ZZ_8819065618590_48083897680030	in_stock	4	67.00 HKD
00758851704873241325	shopify_ZZ_8819065618590_48083897712798	in_stock	5	67.00 HKD
00758851704873241325	shopify_ZZ_8819065618590_48083897745566	in_stock	1	67.00 HKD
00758851704873241325	shopify_ZZ_8819067224222_48083900825758	in_stock	3	95.00 HKD
00758851704873241325	shopify_ZZ_8819067224222_48083900858526	in_stock	4	95.00 HKD
00758851704873241325	shopify_ZZ_8819067224222_48083900891294	in_stock	5	95.00 HKD
00758851704873241325	shopify_ZZ_8863165677726_48215623991454	in_stock	2	398.00 HKD
00758851704873241325	shopify_ZZ_8822225076382_48093491626142	in_stock	2	139.00 HKD
00758851704873241325	shopify_ZZ_8822224617630_48093491069086	in_stock	5	95.00 HKD
00758851704873241325	shopify_ZZ_8822225010846_48093491560606	in_stock	2	128.00 HKD
00758851704873241325	shopify_ZZ_8822224715934_48093491167390	in_stock	3	138.00 HKD
00758851704873241325	shopify_ZZ_8822224945310_48093491495070	in_stock	3	149.00 HKD
00758851704873241325	shopify_ZZ_8822224781470_48093491331230	in_stock	3	139.00 HKD
00758851704873241325	shopify_ZZ_8822224650398_48093491101854	in_stock	6	149.00 HKD
00758851704873241325	shopify_ZZ_8822225043614_48093491593374	in_stock	2	119.00 HKD
00758851704873241325	shopify_ZZ_8822224847006_48093491396766	in_stock	3	149.00 HKD
00758851704873241325	shopify_ZZ_8822224683166_48093491134622	in_stock	6	139.00 HKD
00758851704873241325	shopify_ZZ_8822224748702_48093491200158	in_stock	3	129.00 HKD
00758851704873241325	shopify_ZZ_8822224912542_48093491462302	in_stock	3	149.00 HKD
00758851704873241325	shopify_ZZ_8822224584862_48093491036318	in_stock	6	129.00 HKD
00758851704873241325	shopify_ZZ_8822225109150_48093491658910	in_stock	2	95.00 HKD
00758851704873241325	shopify_ZZ_8822224978078_48093491527838	in_stock	2	145.00 HKD
00758851704873241325	shopify_ZZ_8863160598686_48215618420894	in_stock	4	89.00 HKD
00758851704873241325	shopify_ZZ_8861550444702_48211268993182	in_stock	11	69.00 HKD
00758851704873241325	shopify_ZZ_8861552050334_48211273777310	in_stock	6	69.00 HKD
00758851704873241325	shopify_ZZ_8860600664222_48208201023646	in_stock	6	65.00 HKD
00758851704873241325	shopify_ZZ_8861467443358_48211023265950	in_stock	5	98.00 HKD
00758851704873241325	shopify_ZZ_8860604694686_48208223731870	in_stock	1	69.00 HKD
00758851704873241325	shopify_ZZ_8860605644958_48208236904606	in_stock	4	69.00 HKD
00758851704873241325	shopify_ZZ_8861469638814_48211028377758	in_stock	3	26.00 HKD
00758851704873241325	shopify_ZZ_8860605317278_48208229597342	in_stock	3	69.00 HKD
00758851704873241325	shopify_ZZ_8860604989598_48208228384926	in_stock	6	69.00 HKD
00758851704873241325	shopify_ZZ_8860689760414_48208521986206	in_stock	3	89.00 HKD
00758851704873241325	shopify_ZZ_8861469802654_48211028574366	in_stock	6	59.00 HKD
00758851704873241325	shopify_ZZ_8860689793182_48208522018974	in_stock	4	89.00 HKD
00758851704873241325	shopify_ZZ_8860683239582_48208493805726	in_stock	4	118.00 HKD
00758851704873241325	shopify_ZZ_8860600434846_48208200597662	in_stock	4	148.00 HKD
00758851704873241325	shopify_ZZ_8814591672478_48070094880926	in_stock	7	138.00 HKD
00758851704873241325	shopify_ZZ_8814591672478_48070094913694	in_stock	7	138.00 HKD
00758851704873241325	shopify_ZZ_8814591672478_48070094946462	in_stock	6	138.00 HKD
00758851704873241325	shopify_ZZ_8814591672478_48070094979230	in_stock	8	138.00 HKD
00758851704873241325	shopify_ZZ_8814591672478_48070095011998	in_stock	5	138.00 HKD
00758851704873241325	shopify_ZZ_8814591672478_48070095044766	in_stock	2	138.00 HKD
00758851704873241325	shopify_ZZ_8814591672478_48070095077534	in_stock	10	118.00 HKD
00758851704873241325	shopify_ZZ_8814591672478_48070095110302	in_stock	5	138.00 HKD
00758851704873241325	shopify_ZZ_8814591803550_48070095929502	in_stock	10	49.00 HKD
00758851704873241325	shopify_ZZ_8863035359390_48215366959262	in_stock	1	126.00 HKD
00758851704873241325	shopify_ZZ_8822191030430_48093438017694	in_stock	6	115.00 HKD
00758851704873241325	shopify_ZZ_8822191259806_48093438247070	in_stock	3	119.00 HKD
00758851704873241325	shopify_ZZ_8822190866590_48093437853854	in_stock	5	89.00 HKD
00758851704873241325	shopify_ZZ_8863164367006_48215622615198	in_stock	8	148.00 HKD
00758851704873241325	shopify_ZZ_8822194503838_48093445685406	in_stock	3	109.00 HKD
00758851704873241325	shopify_ZZ_8822231236766_48093505093790	in_stock	2	159.00 HKD
00758851704873241325	shopify_ZZ_8822231072926_48093500113054	in_stock	2	159.00 HKD
00758851704873241325	shopify_ZZ_8864567230622_48218287669406	in_stock	4	118.00 HKD
00758851704873241325	shopify_ZZ_8864571555998_48218293731486	in_stock	1	118.00 HKD
00758851704873241325	shopify_ZZ_8864567689374_48218289340574	in_stock	6	55.00 HKD
00758851704873241325	shopify_ZZ_8861467771038_48211024347294	in_stock	1	135.00 HKD
00758851704873241325	shopify_ZZ_8822235955358_48093535895710	in_stock	4	149.00 HKD
00758851704873241325	shopify_ZZ_8822233989278_48093527736478	in_stock	10	169.00 HKD
00758851704873241325	shopify_ZZ_8863158042782_48215615537310	in_stock	3	295.00 HKD
00758851704873241325	shopify_ZZ_8822193586334_48093443915934	in_stock	32	18.00 HKD
00758851704873241325	shopify_ZZ_8860692218014_48208528507038	in_stock	5	139.00 HKD
00758851704873241325	shopify_ZZ_8860520743070_48207698231454	in_stock	1	129.00 HKD
00758851704873241325	shopify_ZZ_8860838166686_48208943939742	in_stock	5	148.00 HKD
00758851704873241325	shopify_ZZ_8860689989790_48208523002014	in_stock	5	85.00 HKD
00758851704873241325	shopify_ZZ_8822226682014_48093493264542	in_stock	3	135.00 HKD
00758851704873241325	shopify_ZZ_8822076899486_48093292626078	in_stock	35	18.00 HKD
00758851704873241325	shopify_ZZ_8822077980830_48093293838494	in_stock	6	138.00 HKD
00758851704873241325	shopify_ZZ_8819065094302_48083895812254	in_stock	3	95.00 HKD
00758851704873241325	shopify_ZZ_8819065094302_48083895845022	in_stock	4	95.00 HKD
00758851704873241325	shopify_ZZ_8819065094302_48083895877790	in_stock	3	95.00 HKD
00758851704873241325	shopify_ZZ_8819065094302_48083895910558	in_stock	2	95.00 HKD
00758851704873241325	shopify_ZZ_8863156732062_48215614095518	in_stock	6	59.00 HKD
00758851704873241325	shopify_ZZ_8863153291422_48215609311390	in_stock	6	59.00 HKD
00758851704873241325	shopify_ZZ_8863148966046_48215602856094	in_stock	6	59.00 HKD
00758851704873241325	shopify_ZZ_8822080831646_48093297901726	in_stock	4	109.00 HKD
00758851704873241325	shopify_ZZ_8822081061022_48093298131102	in_stock	4	109.00 HKD
00758851704873241325	shopify_ZZ_8822080733342_48093297770654	in_stock	4	109.00 HKD
00758851704873241325	shopify_ZZ_8822080635038_48093297672350	in_stock	3	109.00 HKD
00758851704873241325	shopify_ZZ_8822080536734_48093297574046	in_stock	5	189.00 HKD
00758851704873241325	shopify_ZZ_8863164629150_48215622942878	in_stock	4	119.00 HKD
00758851704873241325	shopify_ZZ_8861467541662_48211023462558	in_stock	5	68.00 HKD
00758851704873241325	shopify_ZZ_8860794749086_48208809656478	in_stock	2	79.00 HKD
00758851704873241325	shopify_ZZ_8860803367070_48208832266398	in_stock	3	89.00 HKD
00758851704873241325	shopify_ZZ_8860792520862_48208807297182	in_stock	4	128.00 HKD
00758851704873241325	shopify_ZZ_8860797730974_48208813883550	in_stock	2	89.00 HKD
00758851704873241325	shopify_ZZ_8860843049118_48208967991454	in_stock	4	56.00 HKD
00758851704873241325	shopify_ZZ_8860791341214_48208806117534	in_stock	1	118.00 HKD
00758851704873241325	shopify_ZZ_8860796616862_48208812408990	in_stock	2	98.00 HKD
00758851704873241325	shopify_ZZ_8860793733278_48208808575134	in_stock	3	138.00 HKD
00758851704873241325	shopify_ZZ_8859708883102_48204749570206	in_stock	4	128.00 HKD
00758851704873241325	shopify_ZZ_8860800450718_48208826892446	in_stock	7	128.00 HKD
00758851704873241325	shopify_ZZ_8860790128798_48208804511902	in_stock	3	98.00 HKD
00758851704873241325	shopify_ZZ_8860622225566_48208367485086	in_stock	4	85.00 HKD
00758851704873241325	shopify_ZZ_8860622323870_48208367878302	in_stock	3	85.00 HKD
00758851704873241325	shopify_ZZ_8860622356638_48208367911070	in_stock	3	85.00 HKD
00758851704873241325	shopify_ZZ_8860622454942_48208368009374	in_stock	3	85.00 HKD
00758851704873241325	shopify_ZZ_8860623143070_48208370892958	in_stock	3	85.00 HKD
00758851704873241325	shopify_ZZ_8860623405214_48208376037534	in_stock	2	85.00 HKD
00758851704873241325	shopify_ZZ_8835161850014_48142517665950	in_stock	2	69.00 HKD
00758851704873241325	shopify_ZZ_8835161587870_48142515568798	in_stock	2	125.00 HKD
00758851704873241325	shopify_ZZ_8835161784478_48142517600414	in_stock	3	119.00 HKD
00758851704873241325	shopify_ZZ_8835161620638_48142515601566	in_stock	7	109.00 HKD
00758851704873241325	shopify_ZZ_8835161751710_48142517534878	in_stock	1	109.00 HKD
00758851704873241325	shopify_ZZ_8835161817246_48142517633182	in_stock	2	128.00 HKD
00758851704873241325	shopify_ZZ_8822230384798_48093498867870	in_stock	6	18.00 HKD
00758851704873241325	shopify_ZZ_8822230417566_48093499228318	in_stock	9	138.00 HKD
00758851704873241325	shopify_ZZ_8822230286494_48093498769566	in_stock	13	108.00 HKD
00758851704873241325	shopify_ZZ_8822230974622_48093499981982	in_stock	4	108.00 HKD
00758851704873241325	shopify_ZZ_8822231498910_48093506961566	in_stock	6	18.00 HKD
00758851704873241325	shopify_ZZ_8822231400606_48093506863262	in_stock	2	138.00 HKD
00758851704873241325	shopify_ZZ_8822231040158_48093500080286	in_stock	3	128.00 HKD
00758851704873241325	shopify_ZZ_8863148703902_48215602167966	in_stock	8	158.00 HKD
00758851704873241325	shopify_ZZ_8822242082974_48093560799390	in_stock	4	98.00 HKD
00758851704873241325	shopify_ZZ_8822242476190_48093563027614	in_stock	1	99.00 HKD
00758851704873241325	shopify_ZZ_8822241951902_48093560668318	in_stock	7	109.00 HKD
00758851704873241325	shopify_ZZ_8822242181278_48093561913502	in_stock	3	119.00 HKD
00758851704873241325	shopify_ZZ_8822242279582_48093562667166	in_stock	3	98.00 HKD
00758851704873241325	shopify_ZZ_8822242312350_48093562699934	in_stock	3	139.00 HKD
00758851704873241325	shopify_ZZ_8822241984670_48093560701086	in_stock	4	119.00 HKD
00758851704873241325	shopify_ZZ_8822242148510_48093561880734	in_stock	4	128.00 HKD
00758851704873241325	shopify_ZZ_8822242508958_48093563060382	in_stock	4	128.00 HKD
00758851704873241325	shopify_ZZ_8822242345118_48093562732702	in_stock	3	128.00 HKD
00758851704873241325	shopify_ZZ_8822242017438_48093560733854	in_stock	5	128.00 HKD
00758851704873241325	shopify_ZZ_8822242214046_48093561946270	in_stock	4	128.00 HKD
00758851704873241325	shopify_ZZ_8834570223774_48138876321950	in_stock	5	218.00 HKD
00758851704873241325	shopify_ZZ_8834570289310_48138877272222	in_stock	6	338.00 HKD
00758851704873241325	shopify_ZZ_8835159130270_48142509047966	in_stock	2	118.00 HKD
00758851704873241325	shopify_ZZ_8835164438686_48142534541470	in_stock	10	19.00 HKD
00758851704873241325	shopify_ZZ_8835166240926_48142537425054	in_stock	26	19.00 HKD
00758851704873241325	shopify_ZZ_8835165913246_48142536802462	in_stock	10	19.00 HKD
00758851704873241325	shopify_ZZ_8835164504222_48142534607006	in_stock	18	19.00 HKD
00758851704873241325	shopify_ZZ_8835166339230_48142537523358	in_stock	10	99.00 HKD
00758851704873241325	shopify_ZZ_8835166371998_48142537556126	in_stock	7	99.00 HKD
00758851704873241325	shopify_ZZ_8835166273694_48142537457822	in_stock	8	99.00 HKD
00758851704873241325	shopify_ZZ_8835166404766_48142537588894	in_stock	9	99.00 HKD
00758851704873241325	shopify_ZZ_8835164405918_48142534508702	in_stock	5	19.00 HKD
00758851704873241325	shopify_ZZ_8835164274846_48142534279326	in_stock	13	19.00 HKD
00758851704873241325	shopify_ZZ_8822082142366_48093299212446	in_stock	8	115.00 HKD
00758851704873241325	shopify_ZZ_8822084108446_48093301342366	in_stock	4	79.00 HKD
00758851704873241325	shopify_ZZ_8822090825886_48093308780702	in_stock	6	49.00 HKD
00758851704873241325	shopify_ZZ_8822090268830_48093308190878	in_stock	11	128.00 HKD
00758851704873241325	shopify_ZZ_8822087647390_48093305012382	in_stock	3	109.00 HKD
00758851704873241325	shopify_ZZ_8822083420318_48093300654238	in_stock	6	99.00 HKD
00758851704873241325	shopify_ZZ_8822083715230_48093300949150	in_stock	6	68.00 HKD
00758851704873241325	shopify_ZZ_8822087024798_48093304389790	in_stock	11	98.00 HKD
00758851704873241325	shopify_ZZ_8822085877918_48093303144606	in_stock	2	99.00 HKD
00758851704873241325	shopify_ZZ_8822086762654_48093303996574	in_stock	3	118.00 HKD
00758851704873241325	shopify_ZZ_8822082306206_48093299376286	in_stock	7	118.00 HKD
00758851704873241325	shopify_ZZ_8822086566046_48093303832734	in_stock	4	185.00 HKD
00758851704873241325	shopify_ZZ_8822089449630_48093307371678	in_stock	3	128.00 HKD
00758851704873241325	shopify_ZZ_8822088532126_48093306454174	in_stock	2	125.00 HKD
00758851704873241325	shopify_ZZ_8822086303902_48093303570590	in_stock	4	89.00 HKD
00758851704873241325	shopify_ZZ_8861467574430_48211023495326	in_stock	4	29.00 HKD
00758851704873241325	shopify_ZZ_8822087188638_48093304553630	in_stock	3	45.00 HKD
00758851704873241325	shopify_ZZ_8822086860958_48093304127646	in_stock	3	189.00 HKD
00758851704873241325	shopify_ZZ_8822087811230_48093305176222	in_stock	8	108.00 HKD
00758851704873241325	shopify_ZZ_8860600696990_48208201056414	in_stock	6	68.00 HKD
00758851704873241325	shopify_ZZ_8860693823646_48208534569118	in_stock	13	108.00 HKD
00758851704873241325	shopify_ZZ_8822083223710_48093300293790	in_stock	5	95.00 HKD
00758851704873241325	shopify_ZZ_8822088040606_48093305405598	in_stock	1	119.00 HKD
00758851704873241325	shopify_ZZ_8822089220254_48093307142302	in_stock	2	138.00 HKD
00758851704873241325	shopify_ZZ_8822083879070_48093301112990	in_stock	4	115.00 HKD
00758851704873241325	shopify_ZZ_8822082076830_48093299146910	in_stock	8	109.00 HKD
00758851704873241325	shopify_ZZ_8822087418014_48093304783006	in_stock	1	95.00 HKD
00758851704873241325	shopify_ZZ_8822085157022_48093302390942	in_stock	5	109.00 HKD
00758851704873241325	shopify_ZZ_8822089056414_48093306978462	in_stock	2	95.00 HKD
00758851704873241325	shopify_ZZ_8822081487006_48093298557086	in_stock	9	118.00 HKD
00758851704873241325	shopify_ZZ_8822090563742_48093308518558	in_stock	4	135.00 HKD
00758851704873241325	shopify_ZZ_8822085386398_48093302620318	in_stock	5	89.00 HKD
00758851704873241325	shopify_ZZ_8822081749150_48093298819230	in_stock	7	148.00 HKD
00758851704873241325	shopify_ZZ_8822084501662_48093301735582	in_stock	4	138.00 HKD
00758851704873241325	shopify_ZZ_8822084960414_48093302194334	in_stock	5	148.00 HKD
00758851704873241325	shopify_ZZ_8820286390430_48086955065502	in_stock	9	188.00 HKD
00758851704873241325	shopify_ZZ_8820287176862_48086958080158	in_stock	14	118.00 HKD
00758851704873241325	shopify_ZZ_8820286390430_48086954901662	in_stock	6	188.00 HKD
00758851704873241325	shopify_ZZ_8820286455966_48086955327646	in_stock	5	138.00 HKD
00758851704873241325	shopify_ZZ_8820286554270_48086955753630	in_stock	9	98.00 HKD
00758851704873241325	shopify_ZZ_8820286390430_48086955032734	in_stock	7	188.00 HKD
00758851704873241325	shopify_ZZ_8820286521502_48086955655326	in_stock	7	188.00 HKD
00758851704873241325	shopify_ZZ_8820286554270_48086955786398	in_stock	12	98.00 HKD
00758851704873241325	shopify_ZZ_8820287504542_48086958407838	in_stock	1	95.00 HKD
00758851704873241325	shopify_ZZ_8820286554270_48086955950238	in_stock	15	98.00 HKD
00758851704873241325	shopify_ZZ_8820286554270_48086955819166	in_stock	6	98.00 HKD
00758851704873241325	shopify_ZZ_8820286455966_48086955589790	in_stock	10	138.00 HKD
00758851704873241325	shopify_ZZ_8820286455966_48086955425950	in_stock	7	138.00 HKD
00758851704873241325	shopify_ZZ_8820286455966_48086955360414	in_stock	3	138.00 HKD
00758851704873241325	shopify_ZZ_8820286980254_48086956769438	in_stock	14	98.00 HKD
00758851704873241325	shopify_ZZ_8820286980254_48086956802206	in_stock	14	98.00 HKD
00758851704873241325	shopify_ZZ_8820286980254_48086956834974	in_stock	8	98.00 HKD
00758851704873241325	shopify_ZZ_8820286980254_48086956867742	in_stock	13	98.00 HKD
00758851704873241325	shopify_ZZ_8820286980254_48086956900510	in_stock	14	98.00 HKD
00758851704873241325	shopify_ZZ_8820286390430_48086954934430	in_stock	4	188.00 HKD
00758851704873241325	shopify_ZZ_8820286455966_48086955557022	in_stock	7	138.00 HKD
00758851704873241325	shopify_ZZ_8820286324894_48086954737822	in_stock	4	218.00 HKD
00758851704873241325	shopify_ZZ_8820286554270_48086955851934	in_stock	14	98.00 HKD
00758851704873241325	shopify_ZZ_8820286554270_48086955720862	in_stock	8	98.00 HKD
00758851704873241325	shopify_ZZ_8820286324894_48086954672286	in_stock	2	218.00 HKD
00758851704873241325	shopify_ZZ_8820286390430_48086954967198	in_stock	8	188.00 HKD
00758851704873241325	shopify_ZZ_8820286324894_48086954705054	in_stock	3	218.00 HKD
00758851704873241325	shopify_ZZ_8820286455966_48086955491486	in_stock	6	138.00 HKD
00758851704873241325	shopify_ZZ_8820287144094_48086958014622	in_stock	8	188.00 HKD
00758851704873241325	shopify_ZZ_8820287144094_48086958047390	in_stock	9	188.00 HKD
00758851704873241325	shopify_ZZ_8820286554270_48086955884702	in_stock	14	98.00 HKD
00758851704873241325	shopify_ZZ_8820286554270_48086955917470	in_stock	14	98.00 HKD
00758851704873241325	shopify_ZZ_8820287013022_48086957031582	in_stock	15	128.00 HKD
00758851704873241325	shopify_ZZ_8820287013022_48086956933278	in_stock	13	128.00 HKD
00758851704873241325	shopify_ZZ_8820287013022_48086956998814	in_stock	13	128.00 HKD
00758851704873241325	shopify_ZZ_8820287013022_48086957064350	in_stock	14	128.00 HKD
00758851704873241325	shopify_ZZ_8820287013022_48086956966046	in_stock	13	128.00 HKD
00758851704873241325	shopify_ZZ_8820286455966_48086955458718	in_stock	7	138.00 HKD
00758851704873241325	shopify_ZZ_8820286914718_48086956408990	in_stock	8	98.00 HKD
00758851704873241325	shopify_ZZ_8820286914718_48086956343454	in_stock	9	98.00 HKD
00758851704873241325	shopify_ZZ_8820286914718_48086956310686	out_of_stock	0	98.00 HKD
00758851704873241325	shopify_ZZ_8820286914718_48086956441758	in_stock	13	98.00 HKD
00758851704873241325	shopify_ZZ_8820286914718_48086956474526	in_stock	13	98.00 HKD
00758851704873241325	shopify_ZZ_8820286914718_48086956376222	in_stock	11	98.00 HKD
00758851704873241325	shopify_ZZ_8820286914718_48086956507294	in_stock	13	98.00 HKD
00758851704873241325	shopify_ZZ_8820286390430_48086954868894	in_stock	6	188.00 HKD
00758851704873241325	shopify_ZZ_8820286390430_48086955098270	in_stock	8	188.00 HKD
00758851704873241325	shopify_ZZ_8820287045790_48086957097118	in_stock	14	128.00 HKD
00758851704873241325	shopify_ZZ_8820287045790_48086957129886	in_stock	14	128.00 HKD
00758851704873241325	shopify_ZZ_8820287045790_48086957162654	in_stock	14	128.00 HKD
00758851704873241325	shopify_ZZ_8820287045790_48086957195422	in_stock	14	128.00 HKD
00758851704873241325	shopify_ZZ_8820287045790_48086957228190	in_stock	14	128.00 HKD
00758851704873241325	shopify_ZZ_8820286390430_48086954999966	in_stock	7	188.00 HKD
00758851704873241325	shopify_ZZ_8820286455966_48086955393182	in_stock	6	138.00 HKD
00758851704873241325	shopify_ZZ_8820286455966_48086955524254	in_stock	3	138.00 HKD
00758851704873241325	shopify_ZZ_8863434768542_48216190353566	in_stock	2	138.00 HKD
00758851704873241325	shopify_ZZ_8863148900510_48215602659486	in_stock	3	138.00 HKD
00758851704873241325	shopify_ZZ_8863152767134_48215608787102	in_stock	3	148.00 HKD
00758851704873241325	shopify_ZZ_8817695326366_48079627616414	in_stock	7	138.00 HKD
00758851704873241325	shopify_ZZ_8821845557406_48091784020126	in_stock	6	118.00 HKD
00758851704873241325	shopify_ZZ_8821846409374_48091784937630	in_stock	3	148.00 HKD
00758851704873241325	shopify_ZZ_8821846212766_48091784741022	in_stock	4	129.00 HKD
00758851704873241325	shopify_ZZ_8821845754014_48091784249502	in_stock	5	129.00 HKD
00758851704873241325	shopify_ZZ_8821845688478_48091784183966	in_stock	5	109.00 HKD
00758851704873241325	shopify_ZZ_8821845950622_48091784446110	in_stock	5	189.00 HKD
00758851704873241325	shopify_ZZ_8821845786782_48091784282270	in_stock	4	128.00 HKD
00758851704873241325	shopify_ZZ_8821845655710_48091784151198	in_stock	6	148.00 HKD
00758851704873241325	shopify_ZZ_8821846081694_48091784577182	in_stock	3	98.00 HKD
00758851704873241325	shopify_ZZ_8821846376606_48091784904862	in_stock	3	169.00 HKD
00758851704873241325	shopify_ZZ_8821846245534_48091784773790	in_stock	3	108.00 HKD
00758851704873241325	shopify_ZZ_8821846540446_48091787952286	in_stock	1	108.00 HKD
00758851704873241325	shopify_ZZ_8861467738270_48211024314526	in_stock	2	15.00 HKD
00758851704873241325	shopify_ZZ_8863162826910_48215621042334	in_stock	3	48.00 HKD
00758851704873241325	shopify_ZZ_8818698322078_48082979750046	in_stock	8	115.00 HKD
00758851704873241325	shopify_ZZ_8818698322078_48082979782814	in_stock	4	115.00 HKD
00758851704873241325	shopify_ZZ_8818698322078_48082979815582	in_stock	6	115.00 HKD
00758851704873241325	shopify_ZZ_8818698322078_48082979848350	in_stock	4	115.00 HKD
00758851704873241325	shopify_ZZ_8818698322078_48082979881118	in_stock	4	115.00 HKD
00758851704873241325	shopify_ZZ_8818698322078_48082979913886	in_stock	5	115.00 HKD
00758851704873241325	shopify_ZZ_8818698322078_48082979946654	in_stock	6	115.00 HKD
00758851704873241325	shopify_ZZ_8818698322078_48082979979422	in_stock	4	115.00 HKD
00758851704873241325	shopify_ZZ_8818698322078_48082980012190	in_stock	11	115.00 HKD
00758851704873241325	shopify_ZZ_8818698322078_48082980044958	in_stock	5	115.00 HKD
00758851704873241325	shopify_ZZ_8818698322078_48082980077726	in_stock	4	115.00 HKD
00758851704873241325	shopify_ZZ_8818699141278_48082981388446	in_stock	4	98.00 HKD
00758851704873241325	shopify_ZZ_8818699141278_48082981421214	in_stock	4	98.00 HKD
00758851704873241325	shopify_ZZ_8818699141278_48082981453982	in_stock	3	98.00 HKD
00758851704873241325	shopify_ZZ_8818699141278_48082981486750	in_stock	4	98.00 HKD
00758851704873241325	shopify_ZZ_8818700320926_48082983288990	in_stock	1	98.00 HKD
00758851704873241325	shopify_ZZ_8818700320926_48082983321758	in_stock	2	98.00 HKD
00758851704873241325	shopify_ZZ_8818700320926_48082983354526	in_stock	4	98.00 HKD
00758851704873241325	shopify_ZZ_8818700320926_48082983387294	in_stock	3	98.00 HKD
00758851704873241325	shopify_ZZ_8818698322078_48082980110494	in_stock	5	115.00 HKD
00758851704873241325	shopify_ZZ_8818699501726_48082982076574	in_stock	3	55.00 HKD
00758851704873241325	shopify_ZZ_8818699501726_48082982011038	in_stock	2	55.00 HKD
00758851704873241325	shopify_ZZ_8818699501726_48082982109342	in_stock	4	55.00 HKD
00758851704873241325	shopify_ZZ_8818699501726_48082981978270	in_stock	4	55.00 HKD
00758851704873241325	shopify_ZZ_8818699501726_48082982043806	in_stock	3	55.00 HKD
00758851704873241325	shopify_ZZ_8818699141278_48082981519518	in_stock	4	98.00 HKD
00758851704873241325	shopify_ZZ_8818699501726_48082982142110	in_stock	2	55.00 HKD
00758851704873241325	shopify_ZZ_8818699501726_48082982174878	in_stock	5	55.00 HKD
00758851704873241325	shopify_ZZ_8818699501726_48082982207646	in_stock	4	55.00 HKD
00758851704873241325	shopify_ZZ_8818698322078_48082980143262	in_stock	3	115.00 HKD
00758851704873241325	shopify_ZZ_8818701205662_48082984468638	in_stock	5	115.00 HKD
00758851704873241325	shopify_ZZ_8818701205662_48082984501406	in_stock	4	115.00 HKD
00758851704873241325	shopify_ZZ_8818701205662_48082984534174	in_stock	4	115.00 HKD
00758851704873241325	shopify_ZZ_8818699927710_48082982764702	in_stock	4	158.00 HKD
00758851704873241325	shopify_ZZ_8818699927710_48082982797470	in_stock	2	158.00 HKD
00758851704873241325	shopify_ZZ_8818698322078_48082980176030	in_stock	4	115.00 HKD
00758851704873241325	shopify_ZZ_8818699141278_48082981552286	in_stock	5	98.00 HKD
00758851704873241325	shopify_ZZ_8818699141278_48082981585054	in_stock	4	98.00 HKD
00758851704873241325	shopify_ZZ_8818699141278_48082981617822	in_stock	6	98.00 HKD
00758851704873241325	shopify_ZZ_8818699927710_48082982830238	in_stock	4	158.00 HKD
00758851704873241325	shopify_ZZ_8818699927710_48082982863006	in_stock	5	158.00 HKD
00758851704873241325	shopify_ZZ_8818701664414_48082985844894	out_of_stock	0	108.00 HKD
00758851704873241325	shopify_ZZ_8818701664414_48082985746590	in_stock	2	108.00 HKD
00758851704873241325	shopify_ZZ_8818701664414_48082985877662	in_stock	1	108.00 HKD
00758851704873241325	shopify_ZZ_8818701664414_48082985812126	in_stock	3	108.00 HKD
00758851704873241325	shopify_ZZ_8818701664414_48082985779358	in_stock	4	108.00 HKD
00758851704873241325	shopify_ZZ_8818701238430_48082984566942	in_stock	12	108.00 HKD
00758851704873241325	shopify_ZZ_8818701238430_48082984599710	in_stock	6	108.00 HKD
00758851704873241325	shopify_ZZ_8818701238430_48082984632478	in_stock	5	108.00 HKD
00758851704873241325	shopify_ZZ_8818701238430_48082984665246	in_stock	6	108.00 HKD
00758851704873241325	shopify_ZZ_8818701238430_48082984698014	in_stock	4	108.00 HKD
00758851704873241325	shopify_ZZ_8818700353694_48082983485598	in_stock	7	89.00 HKD
00758851704873241325	shopify_ZZ_8818700353694_48082983518366	in_stock	4	89.00 HKD
00758851704873241325	shopify_ZZ_8818700353694_48082983551134	out_of_stock	0	89.00 HKD
00758851704873241325	shopify_ZZ_8818700353694_48082983583902	in_stock	3	89.00 HKD
00758851704873241325	shopify_ZZ_8818701271198_48082984730782	in_stock	4	115.00 HKD
00758851704873241325	shopify_ZZ_8818701271198_48082984763550	in_stock	3	115.00 HKD
00758851704873241325	shopify_ZZ_8818701271198_48082984796318	in_stock	4	115.00 HKD
00758851704873241325	shopify_ZZ_8818701271198_48082984829086	in_stock	5	115.00 HKD
00758851704873241325	shopify_ZZ_8818701271198_48082984861854	in_stock	4	115.00 HKD
00758851704873241325	shopify_ZZ_8818701271198_48082984894622	in_stock	5	115.00 HKD
00758851704873241325	shopify_ZZ_8818701271198_48082984927390	in_stock	5	115.00 HKD
00758851704873241325	shopify_ZZ_8818701271198_48082984960158	in_stock	4	115.00 HKD
00758851704873241325	shopify_ZZ_8863162204318_48215620419742	in_stock	3	65.00 HKD
00758851704873241325	shopify_ZZ_8861467345054_48211023167646	in_stock	4	138.00 HKD
00758851704873241325	shopify_ZZ_8822192799902_48093439819934	in_stock	4	148.00 HKD
00758851704873241325	shopify_ZZ_8822192144542_48093439164574	in_stock	1	79.00 HKD
00758851704873241325	shopify_ZZ_8822192439454_48093439459486	in_stock	6	158.00 HKD
00758851704873241325	shopify_ZZ_8822192504990_48093439525022	in_stock	5	98.00 HKD
00758851704873241325	shopify_ZZ_8822192537758_48093439557790	in_stock	5	125.00 HKD
00758851704873241325	shopify_ZZ_8822192177310_48093439197342	in_stock	12	138.00 HKD
00758851704873241325	shopify_ZZ_8822192734366_48093439754398	in_stock	4	125.00 HKD
00758851704873241325	shopify_ZZ_8822192472222_48093439492254	in_stock	5	138.00 HKD
00758851704873241325	shopify_ZZ_8822192275614_48093439295646	in_stock	3	125.00 HKD
00758851704873241325	shopify_ZZ_8822192373918_48093439393950	in_stock	6	55.00 HKD
00758851704873241325	shopify_ZZ_8822192603294_48093439623326	in_stock	4	125.00 HKD
00758851704873241325	shopify_ZZ_8822192636062_48093439656094	in_stock	5	125.00 HKD
00758851704873241325	shopify_ZZ_8822192865438_48093439885470	in_stock	2	168.00 HKD
00758851704873241325	shopify_ZZ_8822192668830_48093439688862	in_stock	5	125.00 HKD
00758851704873241325	shopify_ZZ_8822192210078_48093439230110	in_stock	9	98.00 HKD
00758851704873241325	shopify_ZZ_8822192341150_48093439361182	in_stock	6	125.00 HKD
00758851704873241325	shopify_ZZ_8822192308382_48093439328414	in_stock	6	125.00 HKD
00758851704873241325	shopify_ZZ_8822192701598_48093439721630	in_stock	4	128.00 HKD
00758851704873241325	shopify_ZZ_8860845080734_48208983851166	in_stock	6	59.00 HKD
00758851704873241325	shopify_ZZ_8822189719710_48093435887774	in_stock	3	138.00 HKD
00758851704873241325	shopify_ZZ_8822188441758_48093432053918	in_stock	7	138.00 HKD
00758851704873241325	shopify_ZZ_8822230679710_48093499621534	in_stock	12	18.00 HKD
00758851704873241325	shopify_ZZ_8822230548638_48093499424926	in_stock	5	138.00 HKD
00758851704873241325	shopify_ZZ_8822190276766_48093437264030	in_stock	1	158.00 HKD
00758851704873241325	shopify_ZZ_8822231367838_48093506830494	in_stock	3	88.00 HKD
00758851704873241325	shopify_ZZ_8860825682078_48208880599198	in_stock	2	89.00 HKD
00758851704873241325	shopify_ZZ_8818687967390_48082962645150	in_stock	2	89.00 HKD
00758851704873241325	shopify_ZZ_8818687967390_48203348508830	in_stock	4	89.00 HKD
00758851704873241325	shopify_ZZ_8859471282334_48203471290526	in_stock	6	70.00 HKD
00758851704873241325	shopify_ZZ_8859471282334_48203471323294	in_stock	1	75.00 HKD
00758851704873241325	shopify_ZZ_8859471282334_48203471356062	in_stock	9	75.00 HKD
00758851704873241325	shopify_ZZ_8859471282334_48203471388830	in_stock	2	75.00 HKD
00758851704873241325	shopify_ZZ_8859471282334_48203471421598	in_stock	5	75.00 HKD
00758851704873241325	shopify_ZZ_8859471282334_48203471454366	in_stock	3	75.00 HKD
00758851704873241325	shopify_ZZ_8859471282334_48203471487134	in_stock	3	75.00 HKD
00758851704873241325	shopify_ZZ_8859488026782_48203503042718	in_stock	4	75.00 HKD
00758851704873241325	shopify_ZZ_8818686853278_48203348017310	in_stock	5	159.00 HKD
00758851704873241325	shopify_ZZ_8818686853278_48082959171742	in_stock	3	159.00 HKD
00758851704873241325	shopify_ZZ_8818686853278_48082959204510	in_stock	4	159.00 HKD
00758851704873241325	shopify_ZZ_8818686853278_48082959237278	in_stock	2	159.00 HKD
00758851704873241325	shopify_ZZ_8818683478174_48203348213918	in_stock	4	75.00 HKD
00758851704873241325	shopify_ZZ_8818683478174_48082954518686	in_stock	5	75.00 HKD
00758851704873241325	shopify_ZZ_8818683478174_48082954551454	in_stock	2	75.00 HKD
00758851704873241325	shopify_ZZ_8818683478174_48082954584222	in_stock	5	75.00 HKD
00758851704873241325	shopify_ZZ_8818683478174_48082954616990	in_stock	4	75.00 HKD
00758851704873241325	shopify_ZZ_8818683478174_48082954649758	in_stock	3	75.00 HKD
00758851704873241325	shopify_ZZ_8818688589982_48082963595422	in_stock	5	65.00 HKD
00758851704873241325	shopify_ZZ_8818688589982_48082963628190	in_stock	3	65.00 HKD
00758851704873241325	shopify_ZZ_8818688589982_48082963660958	out_of_stock	0	65.00 HKD
00758851704873241325	shopify_ZZ_8818688589982_48082963693726	in_stock	6	65.00 HKD
00758851704873241325	shopify_ZZ_8859461583006_48203452547230	in_stock	3	69.00 HKD
00758851704873241325	shopify_ZZ_8859461583006_48203452579998	in_stock	2	69.00 HKD
00758851704873241325	shopify_ZZ_8859461583006_48203452612766	in_stock	4	69.00 HKD
00758851704873241325	shopify_ZZ_8859461583006_48203452645534	in_stock	2	69.00 HKD
00758851704873241325	shopify_ZZ_8859461583006_48203452678302	in_stock	6	69.00 HKD
00758851704873241325	shopify_ZZ_8859477639326_48203484725406	in_stock	4	178.00 HKD
00758851704873241325	shopify_ZZ_8859477639326_48203484758174	in_stock	2	178.00 HKD
00758851704873241325	shopify_ZZ_8859477639326_48203484790942	in_stock	3	178.00 HKD
00758851704873241325	shopify_ZZ_8818687344798_48082961760414	out_of_stock	0	68.00 HKD
00758851704873241325	shopify_ZZ_8818687344798_48082961793182	out_of_stock	0	68.00 HKD
00758851704873241325	shopify_ZZ_8818687344798_48082961825950	in_stock	10	68.00 HKD
00758851704873241325	shopify_ZZ_8818687344798_48082961858718	in_stock	3	68.00 HKD
00758851704873241325	shopify_ZZ_8818688557214_48082963431582	in_stock	8	78.00 HKD
00758851704873241325	shopify_ZZ_8818688557214_48082963464350	in_stock	9	78.00 HKD
00758851704873241325	shopify_ZZ_8818688557214_48082963497118	in_stock	6	78.00 HKD
00758851704873241325	shopify_ZZ_8818688557214_48082963529886	in_stock	6	78.00 HKD
00758851704873241325	shopify_ZZ_8818688557214_48082963562654	in_stock	12	78.00 HKD
00758851704873241325	shopify_ZZ_8859481800862_48203492360350	in_stock	6	159.00 HKD
00758851704873241325	shopify_ZZ_8859481800862_48203492393118	in_stock	7	159.00 HKD
00758851704873241325	shopify_ZZ_8818683478174_48082954682526	in_stock	5	75.00 HKD
00758851704873241325	shopify_ZZ_8818683478174_48082954715294	in_stock	5	75.00 HKD
00758851704873241325	shopify_ZZ_8818683838622_48082955075742	in_stock	3	75.00 HKD
00758851704873241325	shopify_ZZ_8818683838622_48082955108510	out_of_stock	0	75.00 HKD
00758851704873241325	shopify_ZZ_8818683838622_48082955141278	in_stock	1	75.00 HKD
00758851704873241325	shopify_ZZ_8818683838622_48082955174046	in_stock	3	75.00 HKD
00758851704873241325	shopify_ZZ_8818683838622_48082955206814	in_stock	2	75.00 HKD
00758851704873241325	shopify_ZZ_8818683838622_48082955239582	in_stock	10	75.00 HKD
00758851704873241325	shopify_ZZ_8818686853278_48082959270046	out_of_stock	0	159.00 HKD
00758851704873241325	shopify_ZZ_8859461583006_48203452776606	in_stock	1	69.00 HKD
00758851704873241325	shopify_ZZ_8859461583006_48203452711070	in_stock	4	69.00 HKD
00758851704873241325	shopify_ZZ_8859461583006_48203452743838	in_stock	3	69.00 HKD
00758851704873241325	shopify_ZZ_8859461583006_48203452809374	in_stock	7	69.00 HKD
00758851704873241325	shopify_ZZ_8859461583006_48203452842142	in_stock	1	69.00 HKD
00758851704873241325	shopify_ZZ_8859491369118_48203508613278	in_stock	1	69.00 HKD
00758851704873241325	shopify_ZZ_8818688491678_48203348050078	in_stock	4	75.00 HKD
00758851704873241325	shopify_ZZ_8818688491678_48203348082846	in_stock	2	75.00 HKD
00758851704873241325	shopify_ZZ_8818688491678_48082963234974	in_stock	2	75.00 HKD
00758851704873241325	shopify_ZZ_8818688491678_48203348115614	in_stock	7	75.00 HKD
00758851704873241325	shopify_ZZ_8818688491678_48203348148382	in_stock	14	75.00 HKD
00758851704873241325	shopify_ZZ_8822232776862_48093518561438	in_stock	4	78.00 HKD
00758851704873241325	shopify_ZZ_8863164137630_48215622418590	in_stock	12	125.00 HKD
00758851704873241325	shopify_ZZ_8822232744094_48093518528670	in_stock	3	78.00 HKD
00758851704873241325	shopify_ZZ_8822189392030_48093435560094	in_stock	3	78.00 HKD
00758851704873241325	shopify_ZZ_8819065979038_48083898106014	in_stock	5	99.00 HKD
00758851704873241325	shopify_ZZ_8819065979038_48083898138782	in_stock	5	99.00 HKD
00758851704873241325	shopify_ZZ_8819065979038_48083898171550	in_stock	2	99.00 HKD
00758851704873241325	shopify_ZZ_8819065979038_48083898204318	in_stock	4	99.00 HKD
00758851704873241325	shopify_ZZ_8819066372254_48083898761374	out_of_stock	0	178.00 HKD
00758851704873241325	shopify_ZZ_8819066372254_48083898794142	in_stock	1	178.00 HKD
00758851704873241325	shopify_ZZ_8822091055262_48093309010078	in_stock	23	18.00 HKD
00758851704873241325	shopify_ZZ_8860515106974_48207655534750	in_stock	5	148.00 HKD
00758851704873241325	shopify_ZZ_8822091514014_48093309468830	in_stock	6	155.00 HKD
00758851704873241325	shopify_ZZ_8822092398750_48093310353566	in_stock	6	175.00 HKD
00758851704873241325	shopify_ZZ_8822092529822_48093310484638	in_stock	6	168.00 HKD
00758851704873241325	shopify_ZZ_8822095216798_48093313368222	in_stock	7	169.00 HKD
00758851704873241325	shopify_ZZ_8822091219102_48093309173918	in_stock	12	98.00 HKD
00758851704873241325	shopify_ZZ_8822095052958_48093313204382	in_stock	2	168.00 HKD
00758851704873241325	shopify_ZZ_8822105538718_48093331095710	in_stock	4	98.00 HKD
00758851704873241325	shopify_ZZ_8822093578398_48093311697054	in_stock	3	155.00 HKD
00758851704873241325	shopify_ZZ_8822096265374_48093314416798	in_stock	1	118.00 HKD
00758851704873241325	shopify_ZZ_8822092300446_48093310255262	in_stock	8	158.00 HKD
00758851704873241325	shopify_ZZ_8822095970462_48093314121886	in_stock	7	175.00 HKD
00758851704873241325	shopify_ZZ_8822105276574_48093330800798	in_stock	4	98.00 HKD
00758851704873241325	shopify_ZZ_8822092791966_48093310779550	in_stock	5	138.00 HKD
00758851704873241325	shopify_ZZ_8822092497054_48093310451870	in_stock	4	138.00 HKD
00758851704873241325	shopify_ZZ_8822096789662_48093314941086	in_stock	6	139.00 HKD
00758851704873241325	shopify_ZZ_8822094364830_48093312516254	in_stock	3	98.00 HKD
00758851704873241325	shopify_ZZ_8822105702558_48093331259550	in_stock	10	138.00 HKD
00758851704873241325	shopify_ZZ_8822093840542_48093311959198	in_stock	3	78.00 HKD
00758851704873241325	shopify_ZZ_8822095446174_48093313597598	in_stock	5	145.00 HKD
00758851704873241325	shopify_ZZ_8822096560286_48093314711710	in_stock	5	138.00 HKD
00758851704873241325	shopify_ZZ_8822094135454_48093312286878	in_stock	1	175.00 HKD
00758851704873241325	shopify_ZZ_8822091677854_48093309632670	in_stock	6	38.00 HKD
00758851704873241325	shopify_ZZ_8818923503774_48083459473566	in_stock	11	138.00 HKD
00758851704873241325	shopify_ZZ_8818923503774_48083459506334	in_stock	11	138.00 HKD
00758851704873241325	shopify_ZZ_8818923503774_48083459539102	in_stock	9	138.00 HKD
00758851704873241325	shopify_ZZ_8818929008798_48083479888030	in_stock	3	189.00 HKD
00758851704873241325	shopify_ZZ_8818929008798_48083479920798	in_stock	5	189.00 HKD
00758851704873241325	shopify_ZZ_8818929008798_48083479953566	in_stock	3	189.00 HKD
00758851704873241325	shopify_ZZ_8818929008798_48083479822494	in_stock	2	189.00 HKD
00758851704873241325	shopify_ZZ_8818923503774_48083459571870	in_stock	10	138.00 HKD
00758851704873241325	shopify_ZZ_8818923503774_48083459604638	in_stock	9	138.00 HKD
00758851704873241325	shopify_ZZ_8818923503774_48083459637406	in_stock	7	138.00 HKD
00758851704873241325	shopify_ZZ_8818923503774_48083459670174	in_stock	10	138.00 HKD
00758851704873241325	shopify_ZZ_8818923503774_48083459702942	in_stock	9	138.00 HKD
00758851704873241325	shopify_ZZ_8818937299102_48083516883102	in_stock	11	258.00 HKD
00758851704873241325	shopify_ZZ_8818937299102_48083516915870	in_stock	11	258.00 HKD
00758851704873241325	shopify_ZZ_8818937299102_48083516948638	in_stock	12	258.00 HKD
00758851704873241325	shopify_ZZ_8818937299102_48083516981406	in_stock	11	258.00 HKD
00758851704873241325	shopify_ZZ_8818939887774_48083529269406	in_stock	11	118.00 HKD
00758851704873241325	shopify_ZZ_8818939887774_48083529302174	in_stock	9	118.00 HKD
00758851704873241325	shopify_ZZ_8818939887774_48083529334942	in_stock	12	118.00 HKD
00758851704873241325	shopify_ZZ_8818939887774_48083529367710	in_stock	8	118.00 HKD
00758851704873241325	shopify_ZZ_8818948341918_48083562332318	in_stock	4	178.00 HKD
00758851704873241325	shopify_ZZ_8818923339934_48083458588830	in_stock	8	129.00 HKD
00758851704873241325	shopify_ZZ_8818923339934_48083458687134	in_stock	7	129.00 HKD
00758851704873241325	shopify_ZZ_8818923339934_48083458719902	in_stock	7	129.00 HKD
00758851704873241325	shopify_ZZ_8818923339934_48083458621598	in_stock	11	129.00 HKD
00758851704873241325	shopify_ZZ_8818923339934_48083458752670	in_stock	12	129.00 HKD
00758851704873241325	shopify_ZZ_8818923339934_48083458785438	in_stock	8	129.00 HKD
00758851704873241325	shopify_ZZ_8818923339934_48083458818206	in_stock	8	129.00 HKD
00758851704873241325	shopify_ZZ_8818923339934_48083458654366	in_stock	10	129.00 HKD
00758851704873241325	shopify_ZZ_8818923339934_48083458850974	in_stock	12	129.00 HKD
00758851704873241325	shopify_ZZ_8818942967966_48083541098654	in_stock	11	195.00 HKD
00758851704873241325	shopify_ZZ_8818942967966_48083541131422	in_stock	9	195.00 HKD
00758851704873241325	shopify_ZZ_8818942967966_48083541164190	in_stock	11	195.00 HKD
00758851704873241325	shopify_ZZ_8818933727390_48083500236958	in_stock	12	169.00 HKD
00758851704873241325	shopify_ZZ_8818933727390_48083500269726	in_stock	6	169.00 HKD
00758851704873241325	shopify_ZZ_8818933727390_48083500302494	in_stock	4	169.00 HKD
00758851704873241325	shopify_ZZ_8818933727390_48083500335262	in_stock	9	169.00 HKD
00758851704873241325	shopify_ZZ_8818924978334_48083464061086	in_stock	12	129.00 HKD
00758851704873241325	shopify_ZZ_8818924978334_48083464093854	in_stock	11	129.00 HKD
00758851704873241325	shopify_ZZ_8818924978334_48083464126622	in_stock	10	129.00 HKD
00758851704873241325	shopify_ZZ_8818924978334_48083464159390	in_stock	12	129.00 HKD
00758851704873241325	shopify_ZZ_8818924978334_48083464192158	in_stock	9	129.00 HKD
00758851704873241325	shopify_ZZ_8818935464094_48083507380382	in_stock	9	169.00 HKD
00758851704873241325	shopify_ZZ_8818935464094_48083507413150	in_stock	2	169.00 HKD
00758851704873241325	shopify_ZZ_8818935464094_48083507445918	in_stock	2	169.00 HKD
00758851704873241325	shopify_ZZ_8818935464094_48083507478686	in_stock	10	169.00 HKD
00758851704873241325	shopify_ZZ_8818931892382_48083491815582	in_stock	5	178.00 HKD
00758851704873241325	shopify_ZZ_8818931892382_48083491782814	in_stock	5	178.00 HKD
00758851704873241325	shopify_ZZ_8818931892382_48083491848350	in_stock	5	178.00 HKD
00758851704873241325	shopify_ZZ_8818923339934_48083458883742	in_stock	10	129.00 HKD
00758851704873241325	shopify_ZZ_8818923339934_48083458916510	in_stock	12	129.00 HKD
00758851704873241325	shopify_ZZ_8818923339934_48083458949278	in_stock	11	129.00 HKD
00758851704873241325	shopify_ZZ_8818945392798_48083550077086	in_stock	4	185.00 HKD
00758851704873241325	shopify_ZZ_8818945392798_48083550109854	in_stock	5	185.00 HKD
00758851704873241325	shopify_ZZ_8818926977182_48083472973982	in_stock	5	129.00 HKD
00758851704873241325	shopify_ZZ_8818926977182_48083472941214	in_stock	10	129.00 HKD
00758851704873241325	shopify_ZZ_8818926977182_48083473072286	in_stock	11	129.00 HKD
00758851704873241325	shopify_ZZ_8818926977182_48083473006750	in_stock	10	129.00 HKD
00758851704873241325	shopify_ZZ_8818926977182_48083473039518	in_stock	11	129.00 HKD
00758851704873241325	shopify_ZZ_8818919080094_48083443187870	in_stock	9	108.00 HKD
00758851704873241325	shopify_ZZ_8818919080094_48083443220638	in_stock	3	108.00 HKD
00758851704873241325	shopify_ZZ_8818919080094_48083443253406	in_stock	11	108.00 HKD
00758851704873241325	shopify_ZZ_8818919080094_48083443286174	in_stock	12	108.00 HKD
00758851704873241325	shopify_ZZ_8818919080094_48083443318942	in_stock	11	108.00 HKD
00758851704873241325	shopify_ZZ_8818919080094_48083443351710	in_stock	6	108.00 HKD
00758851704873241325	shopify_ZZ_8818919080094_48083443384478	in_stock	11	108.00 HKD
00758851704873241325	shopify_ZZ_8818931892382_48083491881118	in_stock	6	178.00 HKD
00758851704873241325	shopify_ZZ_8818931892382_48083491913886	in_stock	5	178.00 HKD
00758851704873241325	shopify_ZZ_8818919080094_48083443417246	in_stock	6	108.00 HKD
00758851704873241325	shopify_ZZ_8818919080094_48083443450014	in_stock	11	108.00 HKD
00758851704873241325	shopify_ZZ_8818919080094_48083443482782	in_stock	11	108.00 HKD
00758851704873241325	shopify_ZZ_8818919080094_48083443515550	in_stock	10	108.00 HKD
00758851704873241325	shopify_ZZ_8818919080094_48083443548318	in_stock	5	108.00 HKD
00758851704873241325	shopify_ZZ_8818919080094_48083443581086	in_stock	12	108.00 HKD
00758851704873241325	shopify_ZZ_8818919080094_48083443613854	in_stock	8	108.00 HKD
00758851704873241325	shopify_ZZ_8818919080094_48083443646622	in_stock	7	108.00 HKD
00758851704873241325	shopify_ZZ_8818929008798_48083479855262	in_stock	2	189.00 HKD
00758851704873241325	shopify_ZZ_8818929008798_48083479986334	in_stock	7	189.00 HKD
00758851704873241325	shopify_ZZ_8818929008798_48083480019102	in_stock	7	189.00 HKD
00758851704873241325	shopify_ZZ_8818921504926_48083451445406	in_stock	5	118.00 HKD
00758851704873241325	shopify_ZZ_8818921504926_48083451478174	in_stock	11	118.00 HKD
00758851704873241325	shopify_ZZ_8818921504926_48083451510942	in_stock	11	118.00 HKD
00758851704873241325	shopify_ZZ_8818921504926_48083451543710	in_stock	7	118.00 HKD
00758851704873241325	shopify_ZZ_8818921504926_48083451576478	in_stock	7	118.00 HKD
00758851704873241325	shopify_ZZ_8818921504926_48083451609246	in_stock	11	118.00 HKD
00758851704873241325	shopify_ZZ_8818921504926_48083451642014	in_stock	12	118.00 HKD
00758851704873241325	shopify_ZZ_8818921504926_48083451674782	in_stock	7	118.00 HKD
00758851704873241325	shopify_ZZ_8818921504926_48083451707550	in_stock	6	118.00 HKD
00758851704873241325	shopify_ZZ_8818921504926_48083451740318	in_stock	12	118.00 HKD
00758851704873241325	shopify_ZZ_8818921504926_48083451773086	in_stock	7	118.00 HKD
00758851704873241325	shopify_ZZ_8818921504926_48083451805854	in_stock	6	118.00 HKD
00758851704873241325	shopify_ZZ_8818919080094_48083443679390	in_stock	10	108.00 HKD
00758851704873241325	shopify_ZZ_8818919080094_48083443712158	in_stock	3	108.00 HKD
00758851704873241325	shopify_ZZ_8818921504926_48083451838622	in_stock	12	118.00 HKD
00758851704873241325	shopify_ZZ_8818921504926_48083451871390	in_stock	12	118.00 HKD
00758851704873241325	shopify_ZZ_8818919080094_48083443777694	in_stock	9	108.00 HKD
00758851704873241325	shopify_ZZ_8818919080094_48083443744926	in_stock	3	108.00 HKD
00758851704873241325	shopify_ZZ_8835164897438_48142535164062	in_stock	2	39.00 HKD
00758851704873241325	shopify_ZZ_8817695555742_48079608283294	in_stock	5	99.00 HKD
00758851704873241325	shopify_ZZ_8817695555742_48079608316062	in_stock	10	99.00 HKD
00758851704873241325	shopify_ZZ_8863154962590_48215612031134	in_stock	2	69.00 HKD
00758851704873241325	shopify_ZZ_8822225240222_48093491789982	in_stock	27	15.00 HKD
00758851704873241325	shopify_ZZ_8822226518174_48093493100702	in_stock	1	95.00 HKD
00758851704873241325	shopify_ZZ_8822226059422_48093492609182	in_stock	4	128.00 HKD
00758851704873241325	shopify_ZZ_8822226321566_48093492904094	in_stock	3	169.00 HKD
00758851704873241325	shopify_ZZ_8822226550942_48093493133470	in_stock	3	108.00 HKD
00758851704873241325	shopify_ZZ_8822226845854_48093493428382	in_stock	4	139.00 HKD
00758851704873241325	shopify_ZZ_8822226780318_48093493362846	in_stock	4	148.00 HKD
00758851704873241325	shopify_ZZ_8822225862814_48093492412574	in_stock	5	139.00 HKD
00758851704873241325	shopify_ZZ_8822226649246_48093493231774	in_stock	5	128.00 HKD
00758851704873241325	shopify_ZZ_8822226747550_48093493330078	in_stock	1	98.00 HKD
00758851704873241325	shopify_ZZ_8822225993886_48093492543646	in_stock	5	115.00 HKD
00758851704873241325	shopify_ZZ_8822226026654_48093492576414	in_stock	5	148.00 HKD
00758851704873241325	shopify_ZZ_8822226485406_48093493067934	in_stock	3	89.00 HKD
00758851704873241325	shopify_ZZ_8822226223262_48093492805790	in_stock	3	135.00 HKD
00758851704873241325	shopify_ZZ_8822225174686_48093491724446	in_stock	27	15.00 HKD
00758851704873241325	shopify_ZZ_8822225207454_48093491757214	in_stock	27	15.00 HKD
00758851704873241325	shopify_ZZ_8822225305758_48093491855518	in_stock	20	15.00 HKD
00758851704873241325	shopify_ZZ_8822225141918_48093491691678	in_stock	29	15.00 HKD
00758851704873241325	shopify_ZZ_8822225371294_48093491921054	in_stock	10	128.00 HKD
00758851704873241325	shopify_ZZ_8822225502366_48093492052126	in_stock	8	128.00 HKD
00758851704873241325	shopify_ZZ_8822227435678_48093494050974	in_stock	5	129.00 HKD
00758851704873241325	shopify_ZZ_8822226419870_48093493002398	in_stock	4	159.00 HKD
00758851704873241325	shopify_ZZ_8822225666206_48093492215966	in_stock	6	109.00 HKD
00758851704873241325	shopify_ZZ_8822226092190_48093492641950	in_stock	4	128.00 HKD
00758851704873241325	shopify_ZZ_8822225436830_48093491986590	in_stock	8	145.00 HKD
00758851704873241325	shopify_ZZ_8822225535134_48093492084894	in_stock	7	109.00 HKD
00758851704873241325	shopify_ZZ_8860687925406_48208516579486	in_stock	6	115.00 HKD
00758851704873241325	shopify_ZZ_8822226256030_48093492838558	in_stock	3	109.00 HKD
00758851704873241325	shopify_ZZ_8822225338526_48093491888286	in_stock	19	15.00 HKD
00758851704873241325	shopify_ZZ_8822225404062_48093491953822	in_stock	8	109.00 HKD
00758851704873241325	shopify_ZZ_8822225895582_48093492445342	in_stock	5	155.00 HKD
00758851704873241325	shopify_ZZ_8822225272990_48093491822750	in_stock	27	15.00 HKD
00758851704873241325	shopify_ZZ_8822227533982_48093494149278	in_stock	6	145.00 HKD
00758851704873241325	shopify_ZZ_8822226583710_48093493166238	in_stock	2	128.00 HKD
00758851704873241325	shopify_ZZ_8822225797278_48093492347038	in_stock	6	109.00 HKD
00758851704873241325	shopify_ZZ_8822225830046_48093492379806	in_stock	6	129.00 HKD
00758851704873241325	shopify_ZZ_8822225600670_48093492150430	in_stock	12	110.00 HKD
00758851704873241325	shopify_ZZ_8822226387102_48093492969630	in_stock	3	168.00 HKD
00758851704873241325	shopify_ZZ_8822225961118_48093492510878	in_stock	4	128.00 HKD
00758851704873241325	shopify_ZZ_8822226452638_48093493035166	in_stock	4	168.00 HKD
00758851704873241325	shopify_ZZ_8817788551326_48079883141278	in_stock	4	108.00 HKD
00758851704873241325	shopify_ZZ_8817788551326_48079883174046	in_stock	3	108.00 HKD
00758851704873241325	shopify_ZZ_8817788551326_48079883206814	in_stock	4	108.00 HKD
00758851704873241325	shopify_ZZ_8817772789918_48079852077214	in_stock	4	158.00 HKD
00758851704873241325	shopify_ZZ_8817772789918_48079852109982	in_stock	4	158.00 HKD
00758851704873241325	shopify_ZZ_8817772789918_48079852142750	in_stock	3	158.00 HKD
00758851704873241325	shopify_ZZ_8817772789918_48079852175518	in_stock	4	158.00 HKD
00758851704873241325	shopify_ZZ_8817772789918_48079852208286	in_stock	3	158.00 HKD
00758851704873241325	shopify_ZZ_8817772789918_48079852241054	in_stock	4	158.00 HKD
00758851704873241325	shopify_ZZ_8817772789918_48079852273822	in_stock	4	158.00 HKD
00758851704873241325	shopify_ZZ_8817787764894_48079881732254	in_stock	3	178.00 HKD
00758851704873241325	shopify_ZZ_8817787764894_48079881765022	in_stock	3	178.00 HKD
00758851704873241325	shopify_ZZ_8817787764894_48079881797790	in_stock	4	178.00 HKD
00758851704873241325	shopify_ZZ_8817775247518_48079856304286	in_stock	4	89.00 HKD
00758851704873241325	shopify_ZZ_8817775247518_48079856337054	in_stock	11	89.00 HKD
00758851704873241325	shopify_ZZ_8817775247518_48079856369822	in_stock	3	89.00 HKD
00758851704873241325	shopify_ZZ_8817775247518_48079856402590	out_of_stock	0	89.00 HKD
00758851704873241325	shopify_ZZ_8817775247518_48079856435358	in_stock	14	89.00 HKD
00758851704873241325	shopify_ZZ_8817775247518_48079856468126	out_of_stock	0	89.00 HKD
00758851704873241325	shopify_ZZ_8817790124190_48079885205662	in_stock	2	138.00 HKD
00758851704873241325	shopify_ZZ_8817790124190_48079885238430	in_stock	5	138.00 HKD
00758851704873241325	shopify_ZZ_8817777639582_48079863906462	in_stock	3	178.00 HKD
00758851704873241325	shopify_ZZ_8817777639582_48079863939230	in_stock	1	178.00 HKD
00758851704873241325	shopify_ZZ_8817777639582_48079863971998	in_stock	5	178.00 HKD
00758851704873241325	shopify_ZZ_8817776197790_48079858172062	in_stock	1	79.00 HKD
00758851704873241325	shopify_ZZ_8817776197790_48079858204830	in_stock	3	79.00 HKD
00758851704873241325	shopify_ZZ_8817773576350_48079853355166	in_stock	5	98.00 HKD
00758851704873241325	shopify_ZZ_8817773576350_48079853387934	in_stock	3	98.00 HKD
00758851704873241325	shopify_ZZ_8817773576350_48079853420702	in_stock	3	98.00 HKD
00758851704873241325	shopify_ZZ_8817773576350_48079853453470	in_stock	3	98.00 HKD
00758851704873241325	shopify_ZZ_8817773576350_48079853486238	in_stock	4	98.00 HKD
00758851704873241325	shopify_ZZ_8817773576350_48079853519006	in_stock	2	98.00 HKD
00758851704873241325	shopify_ZZ_8817776197790_48079858106526	in_stock	3	79.00 HKD
00758851704873241325	shopify_ZZ_8817776197790_48079858139294	in_stock	3	79.00 HKD
00758851704873241325	shopify_ZZ_8817776197790_48079858237598	in_stock	4	79.00 HKD
00758851704873241325	shopify_ZZ_8817776197790_48079858270366	in_stock	1	79.00 HKD
00758851704873241325	shopify_ZZ_8817789010078_48079883993246	out_of_stock	0	68.00 HKD
00758851704873241325	shopify_ZZ_8817789010078_48079884026014	in_stock	2	68.00 HKD
00758851704873241325	shopify_ZZ_8817789010078_48079884058782	out_of_stock	0	68.00 HKD
00758851704873241325	shopify_ZZ_8860779249822_48208763289758	in_stock	5	109.00 HKD
00758851704873241325	shopify_ZZ_8860689531038_48208520511646	in_stock	3	135.00 HKD
00758851704873241325	shopify_ZZ_8860515008670_48207655239838	in_stock	7	125.00 HKD
00758851704873241325	shopify_ZZ_8860688547998_48208518152350	in_stock	5	118.00 HKD
00758851704873241325	shopify_ZZ_8863158501534_48215615996062	in_stock	2	58.00 HKD
00758851704873241325	shopify_ZZ_8860779217054_48208763256990	in_stock	11	118.00 HKD
00758851704873241325	shopify_ZZ_8863033589918_48215365058718	in_stock	16	58.00 HKD
00758851704873241325	shopify_ZZ_8860532211870_48207779135646	in_stock	5	118.00 HKD
00758851704873241325	shopify_ZZ_8860470083742_48207325986974	in_stock	3	108.00 HKD
00758851704873241325	shopify_ZZ_8863154733214_48215611801758	in_stock	3	149.00 HKD
00758851704873241325	shopify_ZZ_8863434571934_48216189862046	in_stock	2	58.00 HKD
00758851704873241325	shopify_ZZ_8819132825758_48084151206046	in_stock	5	128.00 HKD
00758851704873241325	shopify_ZZ_8819132825758_48084040548510	in_stock	6	128.00 HKD
00758851704873241325	shopify_ZZ_8819132825758_48084040319134	in_stock	4	128.00 HKD
00758851704873241325	shopify_ZZ_8819132825758_48084151107742	in_stock	3	128.00 HKD
00758851704873241325	shopify_ZZ_8819132825758_48084325499038	in_stock	5	128.00 HKD
00758851704873241325	shopify_ZZ_8819132825758_48084040712350	out_of_stock	0	128.00 HKD
00758851704873241325	shopify_ZZ_8819132825758_48084151238814	in_stock	3	128.00 HKD
00758851704873241325	shopify_ZZ_8819132825758_48084151271582	in_stock	6	128.00 HKD
00758851704873241325	shopify_ZZ_8819132825758_48084325564574	in_stock	6	128.00 HKD
00758851704873241325	shopify_ZZ_8863147819166_48215600627870	in_stock	3	128.00 HKD
00758851704873241325	shopify_ZZ_8819132825758_48084151304350	in_stock	6	128.00 HKD
00758851704873241325	shopify_ZZ_8819132825758_48084151140510	in_stock	3	128.00 HKD
00758851704873241325	shopify_ZZ_8819132825758_48084151337118	in_stock	3	128.00 HKD
00758851704873241325	shopify_ZZ_8819132825758_48084325531806	in_stock	6	128.00 HKD
00758851704873241325	shopify_ZZ_8863421268126_48216169480350	in_stock	3	128.00 HKD
00758851704873241325	shopify_ZZ_8819132825758_48084151173278	in_stock	6	128.00 HKD
00758851704873241325	shopify_ZZ_8819132825758_48084040450206	in_stock	5	128.00 HKD
00758851704873241325	shopify_ZZ_8863423692958_48216174395550	in_stock	5	128.00 HKD
00758851704873241325	shopify_ZZ_8863147458718_48215600267422	in_stock	6	128.00 HKD
00758851704873241325	shopify_ZZ_8819132825758_48084151369886	in_stock	3	128.00 HKD
00758851704873241325	shopify_ZZ_8819132825758_48084151402654	in_stock	6	128.00 HKD
00758851704873241325	shopify_ZZ_8819134562462_48084045103262	in_stock	4	108.00 HKD
00758851704873241325	shopify_ZZ_8819134562462_48084045136030	in_stock	8	108.00 HKD
00758851704873241325	shopify_ZZ_8819134562462_48084045168798	in_stock	8	108.00 HKD
00758851704873241325	shopify_ZZ_8819134562462_48084045201566	in_stock	5	108.00 HKD
00758851704873241325	shopify_ZZ_8819134562462_48084044939422	in_stock	4	108.00 HKD
00758851704873241325	shopify_ZZ_8819134562462_48084045234334	in_stock	6	108.00 HKD
00758851704873241325	shopify_ZZ_8819134562462_48084045267102	in_stock	2	108.00 HKD
00758851704873241325	shopify_ZZ_8819134562462_48084045299870	in_stock	8	108.00 HKD
00758851704873241325	shopify_ZZ_8819134562462_48084045332638	in_stock	8	108.00 HKD
00758851704873241325	shopify_ZZ_8819134562462_48084045365406	in_stock	2	108.00 HKD
00758851704873241325	shopify_ZZ_8819134562462_48084045070494	in_stock	6	108.00 HKD
00758851704873241325	shopify_ZZ_8819134562462_48084044972190	in_stock	2	108.00 HKD
00758851704873241325	shopify_ZZ_8819134562462_48084045004958	in_stock	3	108.00 HKD
00758851704873241325	shopify_ZZ_8819134562462_48084045037726	in_stock	3	108.00 HKD
00758851704873241325	shopify_ZZ_8819134562462_48084045562014	in_stock	7	108.00 HKD
00758851704873241325	shopify_ZZ_8860515467422_48207658221726	in_stock	4	139.00 HKD
00758851704873241325	shopify_ZZ_8819133612190_48084042580126	in_stock	7	118.00 HKD
00758851704873241325	shopify_ZZ_8819133612190_48084042907806	in_stock	3	118.00 HKD
00758851704873241325	shopify_ZZ_8819133612190_48084043006110	in_stock	8	118.00 HKD
00758851704873241325	shopify_ZZ_8819133612190_48084042809502	in_stock	3	118.00 HKD
00758851704873241325	shopify_ZZ_8819133612190_48084042711198	in_stock	3	118.00 HKD
00758851704873241325	shopify_ZZ_8819133612190_48084042612894	in_stock	3	118.00 HKD
00758851704873241325	shopify_ZZ_8819133612190_48084042940574	in_stock	3	118.00 HKD
00758851704873241325	shopify_ZZ_8819133612190_48084043038878	in_stock	3	118.00 HKD
00758851704873241325	shopify_ZZ_8819133612190_48084043137182	in_stock	4	118.00 HKD
00758851704873241325	shopify_ZZ_8819133612190_48084042743966	in_stock	3	118.00 HKD
00758851704873241325	shopify_ZZ_8819132825758_48084040122526	in_stock	5	128.00 HKD
00758851704873241325	shopify_ZZ_8819132825758_48084040155294	in_stock	3	128.00 HKD
00758851704873241325	shopify_ZZ_8819132825758_48084040188062	in_stock	5	128.00 HKD
00758851704873241325	shopify_ZZ_8819132825758_48084040220830	in_stock	2	128.00 HKD
00758851704873241325	shopify_ZZ_8819132825758_48084040253598	in_stock	5	128.00 HKD
00758851704873241325	shopify_ZZ_8819133612190_48084042645662	in_stock	3	118.00 HKD
00758851704873241325	shopify_ZZ_8819132825758_48084040384670	in_stock	5	128.00 HKD
00758851704873241325	shopify_ZZ_8819133612190_48084042776734	in_stock	3	118.00 HKD
00758851704873241325	shopify_ZZ_8819133612190_48084042678430	in_stock	5	118.00 HKD
00758851704873241325	shopify_ZZ_8819210354846_48084153041054	in_stock	2	88.00 HKD
00758851704873241325	shopify_ZZ_8819132825758_48084040482974	in_stock	5	128.00 HKD
00758851704873241325	shopify_ZZ_8819132825758_48084040515742	out_of_stock	0	128.00 HKD
00758851704873241325	shopify_ZZ_8819132825758_48084040581278	out_of_stock	0	128.00 HKD
00758851704873241325	shopify_ZZ_8819132825758_48084040286366	in_stock	5	128.00 HKD
00758851704873241325	shopify_ZZ_8819132825758_48084040351902	in_stock	5	128.00 HKD
00758851704873241325	shopify_ZZ_8819132825758_48084040614046	in_stock	5	128.00 HKD
00758851704873241325	shopify_ZZ_8819132825758_48084040417438	in_stock	8	128.00 HKD
00758851704873241325	shopify_ZZ_8819132825758_48084040679582	in_stock	4	128.00 HKD
00758851704873241325	shopify_ZZ_8819132825758_48084040646814	in_stock	4	128.00 HKD
00758851704873241325	shopify_ZZ_8819133612190_48084043104414	in_stock	5	118.00 HKD
00758851704873241325	shopify_ZZ_8819133612190_48084042842270	in_stock	3	118.00 HKD
00758851704873241325	shopify_ZZ_8819133612190_48084042973342	in_stock	8	118.00 HKD
00758851704873241325	shopify_ZZ_8819133612190_48084043071646	in_stock	6	118.00 HKD
00758851704873241325	shopify_ZZ_8819133612190_48084042875038	in_stock	3	118.00 HKD
00758851704873241325	shopify_ZZ_8819135414430_48084047036574	in_stock	2	128.00 HKD
00758851704873241325	shopify_ZZ_8819135414430_48084047069342	in_stock	3	128.00 HKD
00758851704873241325	shopify_ZZ_8819135414430_48084047102110	in_stock	7	128.00 HKD
00758851704873241325	shopify_ZZ_8819135414430_48084047134878	in_stock	3	128.00 HKD
00758851704873241325	shopify_ZZ_8819135414430_48084047167646	in_stock	3	128.00 HKD
00758851704873241325	shopify_ZZ_8819135414430_48084047200414	in_stock	3	128.00 HKD
00758851704873241325	shopify_ZZ_8819135414430_48084047233182	in_stock	3	128.00 HKD
00758851704873241325	shopify_ZZ_8819135414430_48084047265950	in_stock	3	128.00 HKD
00758851704873241325	shopify_ZZ_8819135414430_48084047298718	in_stock	6	128.00 HKD
00758851704873241325	shopify_ZZ_8819135414430_48084047331486	in_stock	2	128.00 HKD
00758851704873241325	shopify_ZZ_8819135414430_48084047364254	in_stock	5	128.00 HKD
00758851704873241325	shopify_ZZ_8819135414430_48084047397022	in_stock	1	128.00 HKD
00758851704873241325	shopify_ZZ_8819134562462_48084045398174	in_stock	2	108.00 HKD
00758851704873241325	shopify_ZZ_8819134562462_48084045430942	in_stock	4	108.00 HKD
00758851704873241325	shopify_ZZ_8819134562462_48084045463710	in_stock	4	108.00 HKD
00758851704873241325	shopify_ZZ_8819134562462_48084045496478	in_stock	6	108.00 HKD
00758851704873241325	shopify_ZZ_8819134562462_48084045529246	in_stock	6	108.00 HKD
00758851704873241325	shopify_ZZ_8819136692382_48084049035422	in_stock	4	168.00 HKD
00758851704873241325	shopify_ZZ_8819136692382_48084049068190	in_stock	3	168.00 HKD
00758851704873241325	shopify_ZZ_8819136692382_48084049100958	in_stock	3	168.00 HKD
00758851704873241325	shopify_ZZ_8819136692382_48084049133726	in_stock	3	168.00 HKD
00758851704873241325	shopify_ZZ_8819135938718_48084048052382	in_stock	6	148.00 HKD
00758851704873241325	shopify_ZZ_8819135938718_48084048085150	in_stock	3	148.00 HKD
00758851704873241325	shopify_ZZ_8819135938718_48084048019614	in_stock	6	148.00 HKD
00758851704873241325	shopify_ZZ_8819135938718_48084048117918	in_stock	5	148.00 HKD
00758851704873241325	shopify_ZZ_8819135938718_48084048150686	in_stock	7	148.00 HKD
00758851704873241325	shopify_ZZ_8863433621662_48216188846238	in_stock	6	58.00 HKD
00758851704873241325	shopify_ZZ_8861469278366_48211027787934	in_stock	4	75.00 HKD
00758851704873241325	shopify_ZZ_8835159490718_48142509473950	in_stock	6	158.00 HKD
00758851704873241325	shopify_ZZ_8822188638366_48093432840350	in_stock	6	118.00 HKD
00758851704873241325	shopify_ZZ_8822190112926_48093436543134	in_stock	6	79.00 HKD
00758851704873241325	shopify_ZZ_8822188343454_48093431955614	in_stock	7	169.00 HKD
00758851704873241325	shopify_ZZ_8822190342302_48093437329566	in_stock	7	99.00 HKD
00758851704873241325	shopify_ZZ_8822189228190_48093435297950	in_stock	4	108.00 HKD
00758851704873241325	shopify_ZZ_8822189916318_48093436149918	in_stock	2	128.00 HKD
00758851704873241325	shopify_ZZ_8835159457950_48142509375646	in_stock	5	148.00 HKD
00758851704873241325	shopify_ZZ_8822190735518_48093437722782	in_stock	12	145.00 HKD
00758851704873241325	shopify_ZZ_8817822236830_48079927181470	in_stock	7	95.00 HKD
00758851704873241325	shopify_ZZ_8817822236830_48079927214238	in_stock	1	95.00 HKD
00758851704873241325	shopify_ZZ_8817822236830_48079927247006	in_stock	7	95.00 HKD
00758851704873241325	shopify_ZZ_8817822236830_48079927279774	in_stock	4	95.00 HKD
00758851704873241325	shopify_ZZ_8817822236830_48079927312542	in_stock	6	95.00 HKD
00758851704873241325	shopify_ZZ_8822189752478_48093435920542	in_stock	2	148.00 HKD
00758851704873241325	shopify_ZZ_8863434932382_48216190550174	in_stock	2	278.00 HKD
00758851704873241325	shopify_ZZ_8863041519774_48215373742238	in_stock	2	298.00 HKD
00758851704873241325	shopify_ZZ_8863434440862_48216189730974	in_stock	2	298.00 HKD
00758851704873241325	shopify_ZZ_8863034474654_48215366074526	in_stock	2	238.00 HKD
00758851704873241325	shopify_ZZ_8863037423774_48215368990878	in_stock	7	188.00 HKD
00758851704873241325	shopify_ZZ_8863432507550_48216187764894	in_stock	6	109.00 HKD
00758851704873241325	shopify_ZZ_8863148834974_48215602593950	in_stock	3	238.00 HKD
00758851704873241325	shopify_ZZ_8863149850782_48215603839134	in_stock	3	188.00 HKD
00758851704873241325	shopify_ZZ_8863434604702_48216189894814	in_stock	2	148.00 HKD
00758851704873241325	shopify_ZZ_8863151685790_48215607705758	in_stock	4	188.00 HKD
00758851704873241325	shopify_ZZ_8817826791582_48079937405086	in_stock	5	118.00 HKD
00758851704873241325	shopify_ZZ_8817826791582_48079937372318	in_stock	3	118.00 HKD
00758851704873241325	shopify_ZZ_8817826791582_48079937437854	in_stock	4	118.00 HKD
00758851704873241325	shopify_ZZ_8817826791582_48079937470622	in_stock	3	118.00 HKD
00758851704873241325	shopify_ZZ_8817826791582_48079937503390	in_stock	5	118.00 HKD
00758851704873241325	shopify_ZZ_8819375866014_48084481048734	in_stock	4	178.00 HKD
00758851704873241325	shopify_ZZ_8819376685214_48084483604638	in_stock	4	225.00 HKD
00758851704873241325	shopify_ZZ_8819376652446_48084483571870	in_stock	2	178.00 HKD
00758851704873241325	shopify_ZZ_8819371606174_48084471939230	in_stock	2	178.00 HKD
00758851704873241325	shopify_ZZ_8819371606174_48084471971998	out_of_stock	0	178.00 HKD
00758851704873241325	shopify_ZZ_8819371606174_48084472004766	in_stock	5	178.00 HKD
00758851704873241325	shopify_ZZ_8819372490910_48084473807006	in_stock	4	99.00 HKD
00758851704873241325	shopify_ZZ_8819372490910_48084473839774	in_stock	9	99.00 HKD
00758851704873241325	shopify_ZZ_8819372490910_48084473872542	in_stock	2	99.00 HKD
00758851704873241325	shopify_ZZ_8819376259230_48084482949278	in_stock	6	246.00 HKD
00758851704873241325	shopify_ZZ_8819373867166_48084476493982	in_stock	5	108.00 HKD
00758851704873241325	shopify_ZZ_8818802524318_48083185827998	in_stock	7	128.00 HKD
00758851704873241325	shopify_ZZ_8818802524318_48083185860766	in_stock	8	128.00 HKD
00758851704873241325	shopify_ZZ_8818802524318_48083185893534	in_stock	1	128.00 HKD
00758851704873241325	shopify_ZZ_8818802524318_48083185926302	in_stock	7	128.00 HKD
00758851704873241325	shopify_ZZ_8818802524318_48083185959070	in_stock	9	128.00 HKD
00758851704873241325	shopify_ZZ_8818802524318_48083185991838	in_stock	8	128.00 HKD
00758851704873241325	shopify_ZZ_8818814156958_48083211550878	in_stock	2	89.00 HKD
00758851704873241325	shopify_ZZ_8818814156958_48083211583646	in_stock	4	89.00 HKD
00758851704873241325	shopify_ZZ_8818814156958_48083211616414	in_stock	9	89.00 HKD
00758851704873241325	shopify_ZZ_8818814156958_48083211649182	in_stock	9	89.00 HKD
00758851704873241325	shopify_ZZ_8818813632670_48083210698910	in_stock	4	119.00 HKD
00758851704873241325	shopify_ZZ_8818806554782_48083195265182	in_stock	10	77.00 HKD
00758851704873241325	shopify_ZZ_8818806554782_48083195297950	in_stock	8	77.00 HKD
00758851704873241325	shopify_ZZ_8818806554782_48083195330718	in_stock	9	77.00 HKD
00758851704873241325	shopify_ZZ_8818806554782_48083195363486	in_stock	10	77.00 HKD
00758851704873241325	shopify_ZZ_8818806554782_48083195396254	in_stock	7	77.00 HKD
00758851704873241325	shopify_ZZ_8818803671198_48083189792926	in_stock	4	128.00 HKD
00758851704873241325	shopify_ZZ_8818803671198_48083189825694	in_stock	9	128.00 HKD
00758851704873241325	shopify_ZZ_8818803671198_48083189858462	in_stock	4	128.00 HKD
00758851704873241325	shopify_ZZ_8818803671198_48083189891230	in_stock	8	128.00 HKD
00758851704873241325	shopify_ZZ_8818803671198_48083189923998	in_stock	4	128.00 HKD
00758851704873241325	shopify_ZZ_8818813632670_48083210666142	in_stock	4	119.00 HKD
00758851704873241325	shopify_ZZ_8818809438366_48083202474142	in_stock	6	158.00 HKD
00758851704873241325	shopify_ZZ_8818809438366_48083202441374	in_stock	8	158.00 HKD
00758851704873241325	shopify_ZZ_8818812485790_48083208241310	in_stock	1	158.00 HKD
00758851704873241325	shopify_ZZ_8818812485790_48083208274078	in_stock	2	158.00 HKD
00758851704873241325	shopify_ZZ_8818801475742_48083184517278	in_stock	8	128.00 HKD
00758851704873241325	shopify_ZZ_8818801475742_48083184550046	in_stock	7	128.00 HKD
00758851704873241325	shopify_ZZ_8818801475742_48083184582814	in_stock	7	128.00 HKD
00758851704873241325	shopify_ZZ_8818801475742_48083184615582	in_stock	8	128.00 HKD
00758851704873241325	shopify_ZZ_8818801475742_48083184648350	in_stock	9	128.00 HKD
00758851704873241325	shopify_ZZ_8818801475742_48083184681118	in_stock	6	128.00 HKD
00758851704873241325	shopify_ZZ_8818801475742_48083184713886	in_stock	7	128.00 HKD
00758851704873241325	shopify_ZZ_8818810552478_48083204604062	in_stock	1	158.00 HKD
00758851704873241325	shopify_ZZ_8818810552478_48083204636830	out_of_stock	0	158.00 HKD
00758851704873241325	shopify_ZZ_8818805276830_48083192971422	in_stock	5	128.00 HKD
00758851704873241325	shopify_ZZ_8818805276830_48083193004190	in_stock	2	128.00 HKD
00758851704873241325	shopify_ZZ_8818805276830_48083193036958	in_stock	9	128.00 HKD
00758851704873241325	shopify_ZZ_8818805276830_48083193069726	in_stock	8	128.00 HKD
00758851704873241325	shopify_ZZ_8818805276830_48083193102494	in_stock	6	128.00 HKD
00758851704873241325	shopify_ZZ_8818805276830_48083193135262	in_stock	8	128.00 HKD
00758851704873241325	shopify_ZZ_8835157196958_48142493679774	in_stock	8	118.00 HKD
00758851704873241325	shopify_ZZ_8835157164190_48142493384862	in_stock	4	119.00 HKD
00758851704873241325	shopify_ZZ_8835157098654_48142493319326	in_stock	9	59.00 HKD
00758851704873241325	shopify_ZZ_8835157229726_48142493712542	in_stock	6	132.00 HKD
00758851704873241325	shopify_ZZ_8863149097118_48215603085470	in_stock	5	158.00 HKD
00758851704873241325	shopify_ZZ_8863152472222_48215608492190	in_stock	5	69.00 HKD
00758851704873241325	shopify_ZZ_8817720787102_48079671230622	in_stock	5	62.00 HKD
00758851704873241325	shopify_ZZ_8817695424670_48079607922846	in_stock	4	138.00 HKD
00758851704873241325	shopify_ZZ_8817695424670_48079607955614	in_stock	4	138.00 HKD
00758851704873241325	shopify_ZZ_8815905833118_48073605513374	in_stock	10	198.00 HKD
00758851704873241325	shopify_ZZ_8815905833118_48073605546142	in_stock	13	198.00 HKD
00758851704873241325	shopify_ZZ_8817560879262_48079363080350	in_stock	13	85.00 HKD
00758851704873241325	shopify_ZZ_8817560748190_48079362392222	in_stock	12	128.00 HKD
00758851704873241325	shopify_ZZ_8817560748190_48079362424990	in_stock	14	128.00 HKD
00758851704873241325	shopify_ZZ_8817560748190_48079362457758	in_stock	13	128.00 HKD
00758851704873241325	shopify_ZZ_8817560846494_48079362949278	in_stock	9	89.00 HKD
00758851704873241325	shopify_ZZ_8817560846494_48079362982046	in_stock	12	89.00 HKD
00758851704873241325	shopify_ZZ_8817560846494_48079363014814	in_stock	11	89.00 HKD
00758851704873241325	shopify_ZZ_8817560879262_48079363113118	in_stock	11	85.00 HKD
00758851704873241325	shopify_ZZ_8817560879262_48079363145886	in_stock	14	85.00 HKD
00758851704873241325	shopify_ZZ_8817560748190_48079362490526	in_stock	14	128.00 HKD
00758851704873241325	shopify_ZZ_8817560846494_48079363047582	in_stock	2	89.00 HKD
00758851704873241325	shopify_ZZ_8817560813726_48079362687134	in_stock	13	99.00 HKD
00758851704873241325	shopify_ZZ_8817560813726_48079362719902	in_stock	13	99.00 HKD
00758851704873241325	shopify_ZZ_8817560813726_48079362752670	in_stock	11	99.00 HKD
00758851704873241325	shopify_ZZ_8817560813726_48079362785438	out_of_stock	0	99.00 HKD
00758851704873241325	shopify_ZZ_8817560813726_48079362818206	in_stock	7	99.00 HKD
00758851704873241325	shopify_ZZ_8817560780958_48079362556062	in_stock	2	89.00 HKD
00758851704873241325	shopify_ZZ_8815905833118_48073605578910	in_stock	12	198.00 HKD
00758851704873241325	shopify_ZZ_8817560780958_48079362588830	in_stock	10	89.00 HKD
00758851704873241325	shopify_ZZ_8817560813726_48079362850974	in_stock	12	99.00 HKD
00758851704873241325	shopify_ZZ_8817560813726_48079362883742	in_stock	8	99.00 HKD
00758851704873241325	shopify_ZZ_8817560813726_48079362916510	in_stock	1	99.00 HKD
00758851704873241325	shopify_ZZ_8817560715422_48079362130078	in_stock	13	118.00 HKD
00758851704873241325	shopify_ZZ_8817560715422_48079362162846	in_stock	13	118.00 HKD
00758851704873241325	shopify_ZZ_8817560715422_48079362195614	in_stock	14	118.00 HKD
00758851704873241325	shopify_ZZ_8817560715422_48079362228382	in_stock	11	118.00 HKD
00758851704873241325	shopify_ZZ_8817560715422_48079362261150	in_stock	14	118.00 HKD
00758851704873241325	shopify_ZZ_8817560715422_48079362293918	in_stock	12	118.00 HKD
00758851704873241325	shopify_ZZ_8817560715422_48079362326686	in_stock	13	118.00 HKD
00758851704873241325	shopify_ZZ_8817560748190_48079362523294	in_stock	13	128.00 HKD
00758851704873241325	shopify_ZZ_8817560715422_48079362359454	in_stock	12	118.00 HKD
00758851704873241325	shopify_ZZ_8817560780958_48079362621598	in_stock	11	89.00 HKD
00758851704873241325	shopify_ZZ_8817560780958_48079362654366	in_stock	6	89.00 HKD
00758851704873241325	shopify_ZZ_8822243426462_48093565190302	in_stock	1	119.00 HKD
00758851704873241325	shopify_ZZ_8822242869406_48093564108958	in_stock	6	119.00 HKD
00758851704873241325	shopify_ZZ_8822242902174_48093564141726	in_stock	6	128.00 HKD
00758851704873241325	shopify_ZZ_8822243360926_48093565124766	in_stock	3	128.00 HKD
00758851704873241325	shopify_ZZ_8822243229854_48093564862622	in_stock	5	118.00 HKD
00758851704873241325	shopify_ZZ_8822243131550_48093564666014	in_stock	5	128.00 HKD
00758851704873241325	shopify_ZZ_8822243066014_48093564600478	in_stock	5	128.00 HKD
00758851704873241325	shopify_ZZ_8822243393694_48093565157534	in_stock	2	118.00 HKD
00758851704873241325	shopify_ZZ_8822242934942_48093564174494	in_stock	5	148.00 HKD
00758851704873241325	shopify_ZZ_8822243262622_48093564895390	in_stock	5	118.00 HKD
00758851704873241325	shopify_ZZ_8822243033246_48093564567710	in_stock	5	118.00 HKD
00758851704873241325	shopify_ZZ_8822243328158_48093565091998	in_stock	5	118.00 HKD
00758851704873241325	shopify_ZZ_8860685992094_48208512745630	in_stock	14	188.00 HKD
00758851704873241325	shopify_ZZ_8860687106206_48208515203230	in_stock	5	249.00 HKD
00758851704873241325	shopify_ZZ_8835163226270_48142532640926	in_stock	3	126.00 HKD
00758851704873241325	shopify_ZZ_8835164209310_48142534181022	in_stock	3	198.00 HKD
00758851704873241325	shopify_ZZ_8835164242078_48142534246558	in_stock	3	228.00 HKD
00758851704873241325	shopify_ZZ_8835165126814_48142535458974	in_stock	3	69.00 HKD
00758851704873241325	shopify_ZZ_8829355786398_48116538048670	in_stock	3	145.00 HKD
00758851704873241325	shopify_ZZ_8829356343454_48116538835102	in_stock	5	159.00 HKD
00758851704873241325	shopify_ZZ_8829356605598_48116539261086	in_stock	10	125.00 HKD
00758851704873241325	shopify_ZZ_8829356310686_48116538802334	in_stock	4	115.00 HKD
00758851704873241325	shopify_ZZ_8829355819166_48116538081438	in_stock	2	145.00 HKD
00758851704873241325	shopify_ZZ_8863164891294_48215623205022	in_stock	2	45.00 HKD
00758851704873241325	shopify_ZZ_8863038767262_48215370367134	in_stock	3	45.00 HKD
00758851704873241325	shopify_ZZ_8822232809630_48093518594206	in_stock	3	78.00 HKD
00758851704873241325	shopify_ZZ_8822232940702_48093518758046	in_stock	1	69.00 HKD
00758851704873241325	shopify_ZZ_8822232875166_48093518692510	in_stock	2	128.00 HKD
00758851704873241325	shopify_ZZ_8822232711326_48093518495902	in_stock	16	55.00 HKD
00758851704873241325	shopify_ZZ_8817737564318_48079778283678	in_stock	8	75.00 HKD
00758851704873241325	shopify_ZZ_8817734779038_48079753412766	in_stock	8	89.00 HKD
00758851704873241325	shopify_ZZ_8817734779038_48079753445534	in_stock	6	89.00 HKD
00758851704873241325	shopify_ZZ_8817737990302_48079782969502	in_stock	7	85.00 HKD
00758851704873241325	shopify_ZZ_8817737990302_48079783002270	in_stock	8	85.00 HKD
00758851704873241325	shopify_ZZ_8817737990302_48079783035038	in_stock	8	85.00 HKD
00758851704873241325	shopify_ZZ_8817737990302_48079783067806	in_stock	9	85.00 HKD
00758851704873241325	shopify_ZZ_8817738186910_48079785623710	in_stock	3	65.00 HKD
00758851704873241325	shopify_ZZ_8817735237790_48079760359582	in_stock	15	89.00 HKD
00758851704873241325	shopify_ZZ_8817735237790_48079760392350	in_stock	6	89.00 HKD
00758851704873241325	shopify_ZZ_8817738186910_48079785656478	out_of_stock	0	65.00 HKD
00758851704873241325	shopify_ZZ_8817735237790_48079760425118	in_stock	5	89.00 HKD
00758851704873241325	shopify_ZZ_8817737990302_48079783100574	in_stock	1	85.00 HKD
00758851704873241325	shopify_ZZ_8817737990302_48079783133342	in_stock	6	85.00 HKD
00758851704873241325	shopify_ZZ_8817737236638_48079777824926	in_stock	7	95.00 HKD
00758851704873241325	shopify_ZZ_8817737236638_48079777792158	in_stock	2	95.00 HKD
00758851704873241325	shopify_ZZ_8817737236638_48079777726622	in_stock	2	95.00 HKD
00758851704873241325	shopify_ZZ_8817737236638_48079777759390	in_stock	7	95.00 HKD
00758851704873241325	shopify_ZZ_8817736482974_48079771467934	in_stock	6	89.00 HKD
00758851704873241325	shopify_ZZ_8817736482974_48079771500702	out_of_stock	0	89.00 HKD
00758851704873241325	shopify_ZZ_8817736482974_48079771533470	in_stock	8	89.00 HKD
00758851704873241325	shopify_ZZ_8817736482974_48079771566238	in_stock	8	89.00 HKD
00758851704873241325	shopify_ZZ_8817733435550_48079737225374	out_of_stock	0	89.00 HKD
00758851704873241325	shopify_ZZ_8817733206174_48079734243486	in_stock	6	89.00 HKD
00758851704873241325	shopify_ZZ_8817736056990_48079766192286	in_stock	7	89.00 HKD
00758851704873241325	shopify_ZZ_8817736056990_48079766225054	in_stock	6	89.00 HKD
00758851704873241325	shopify_ZZ_8817736056990_48079766257822	in_stock	4	89.00 HKD
00758851704873241325	shopify_ZZ_8817736056990_48079766290590	in_stock	1	89.00 HKD
00758851704873241325	shopify_ZZ_8817736056990_48079766323358	in_stock	1	89.00 HKD
00758851704873241325	shopify_ZZ_8817736056990_48079766356126	in_stock	4	89.00 HKD
00758851704873241325	shopify_ZZ_8817736056990_48079766388894	in_stock	4	89.00 HKD
00758851704873241325	shopify_ZZ_8817733697694_48079745745054	in_stock	9	198.00 HKD
00758851704873241325	shopify_ZZ_8817733697694_48079745777822	in_stock	8	198.00 HKD
00758851704873241325	shopify_ZZ_8817733697694_48079745810590	in_stock	7	198.00 HKD
00758851704873241325	shopify_ZZ_8817733435550_48079737258142	in_stock	8	89.00 HKD
00758851704873241325	shopify_ZZ_8817734975646_48079756132510	out_of_stock	0	89.00 HKD
00758851704873241325	shopify_ZZ_8817734975646_48079756165278	out_of_stock	0	89.00 HKD
00758851704873241325	shopify_ZZ_8817734975646_48079756198046	in_stock	1	89.00 HKD
00758851704873241325	shopify_ZZ_8817733697694_48079745843358	in_stock	4	198.00 HKD
00758851704873241325	shopify_ZZ_8817738285214_48079789490334	in_stock	6	58.00 HKD
00758851704873241325	shopify_ZZ_8817738285214_48079789523102	in_stock	1	58.00 HKD
00758851704873241325	shopify_ZZ_8817738285214_48079789555870	in_stock	4	58.00 HKD
00758851704873241325	shopify_ZZ_8817738285214_48079789588638	in_stock	5	58.00 HKD
00758851704873241325	shopify_ZZ_8817738285214_48079789621406	in_stock	4	58.00 HKD
00758851704873241325	shopify_ZZ_8817738285214_48079789654174	in_stock	7	58.00 HKD
00758851704873241325	shopify_ZZ_8863153619102_48215610687646	in_stock	3	108.00 HKD
00758851704873241325	shopify_ZZ_8835164962974_48142535229598	in_stock	2	77.00 HKD
00758851704873241325	shopify_ZZ_8835164995742_48142535295134	in_stock	4	138.00 HKD
00758851704873241325	shopify_ZZ_8860394389662_48206445445278	in_stock	9	49.00 HKD
00758851704873241325	shopify_ZZ_8860393898142_48206444429470	in_stock	11	49.00 HKD
00758851704873241325	shopify_ZZ_8860395503774_48206448591006	in_stock	11	39.00 HKD
00758851704873241325	shopify_ZZ_8860397109406_48206455439518	in_stock	4	39.00 HKD
00758851704873241325	shopify_ZZ_8860397338782_48206456258718	in_stock	5	39.00 HKD
00758851704873241325	shopify_ZZ_8860397830302_48206458355870	in_stock	3	39.00 HKD
00758851704873241325	shopify_ZZ_8860397633694_48206457536670	in_stock	9	39.00 HKD
00758851704873241325	shopify_ZZ_8860398485662_48206462615710	in_stock	9	49.00 HKD
00758851704873241325	shopify_ZZ_8860398354590_48206461894814	in_stock	2	49.00 HKD
00758851704873241325	shopify_ZZ_8860392685726_48206441742494	in_stock	11	49.00 HKD
00758851704873241325	shopify_ZZ_8860392947870_48206442528926	in_stock	3	49.00 HKD
00758851704873241325	shopify_ZZ_8860396912798_48206454292638	in_stock	6	49.00 HKD
00758851704873241325	shopify_ZZ_8860397043870_48206455177374	in_stock	11	39.00 HKD
00758851704873241325	shopify_ZZ_8860395634846_48206449180830	in_stock	7	49.00 HKD
00758851704873241325	shopify_ZZ_8860395962526_48206450851998	in_stock	11	39.00 HKD
00758851704873241325	shopify_ZZ_8860395896990_48206450655390	in_stock	9	39.00 HKD
00758851704873241325	shopify_ZZ_8860397469854_48206456783006	in_stock	11	39.00 HKD
00758851704873241325	shopify_ZZ_8860397961374_48206458978462	in_stock	14	39.00 HKD
00758851704873241325	shopify_ZZ_8860396683422_48206453244062	in_stock	10	39.00 HKD
00758851704873241325	shopify_ZZ_8860396880030_48206454227102	in_stock	10	39.00 HKD
00758851704873241325	shopify_ZZ_8860396454046_48206452818078	in_stock	3	39.00 HKD
00758851704873241325	shopify_ZZ_8860396093598_48206451605662	in_stock	11	39.00 HKD
00758851704873241325	shopify_ZZ_8860396191902_48206451966110	in_stock	5	39.00 HKD
00758851704873241325	shopify_ZZ_8860395733150_48206449737886	in_stock	7	49.00 HKD
00758851704873241325	shopify_ZZ_8860394946718_48206446395550	in_stock	13	49.00 HKD
00758851704873241325	shopify_ZZ_8860398125214_48206459797662	in_stock	4	49.00 HKD
00758851704873241325	shopify_ZZ_8860398059678_48206459469982	in_stock	5	49.00 HKD
00758851704873241325	shopify_ZZ_8860393406622_48206443675806	in_stock	9	59.00 HKD
00758851704873241325	shopify_ZZ_8860392325278_48206440890526	in_stock	9	69.00 HKD
00758851704873241325	shopify_ZZ_8860398289054_48206460453022	in_stock	7	39.00 HKD
00758851704873241325	shopify_ZZ_8860395274398_48206447542430	in_stock	12	49.00 HKD
00758851704873241325	shopify_ZZ_8860398747806_48206463795358	in_stock	1	89.00 HKD
00758851704873241325	shopify_ZZ_8860398551198_48206462877854	in_stock	2	49.00 HKD
00758851704873241325	shopify_ZZ_8860843507870_48208971038878	in_stock	20	65.00 HKD
00758851704873241325	shopify_ZZ_8835159163038_48142509080734	in_stock	2	128.00 HKD
00758851704873241325	shopify_ZZ_8835159195806_48142509113502	in_stock	4	105.00 HKD
00758851704873241325	shopify_ZZ_8835159359646_48142509277342	in_stock	9	148.00 HKD
00758851704873241325	shopify_ZZ_8835159326878_48142509244574	in_stock	6	148.00 HKD
00758851704873241325	shopify_ZZ_8863159287966_48215616782494	in_stock	1	248.00 HKD
00758851704873241325	shopify_ZZ_8822191882398_48093438869662	in_stock	2	135.00 HKD
00758851704873241325	shopify_ZZ_8822191685790_48093438673054	in_stock	4	165.00 HKD
00758851704873241325	shopify_ZZ_8822191423646_48093438410910	in_stock	4	138.00 HKD
00758851704873241325	shopify_ZZ_8822191390878_48093438378142	in_stock	6	149.00 HKD
00758851704873241325	shopify_ZZ_8822192046238_48093439033502	in_stock	5	128.00 HKD
00758851704873241325	shopify_ZZ_8822191915166_48093438902430	in_stock	2	135.00 HKD
00758851704873241325	shopify_ZZ_8822192013470_48093439000734	in_stock	1	95.00 HKD
00758851704873241325	shopify_ZZ_8822191849630_48093438836894	in_stock	3	129.00 HKD
00758851704873241325	shopify_ZZ_8822191947934_48093438935198	in_stock	2	168.00 HKD
00758851704873241325	shopify_ZZ_8822191784094_48093438771358	in_stock	4	249.00 HKD
00758851704873241325	shopify_ZZ_8822191587486_48093438574750	in_stock	6	149.00 HKD
00758851704873241325	shopify_ZZ_8822191653022_48093438640286	in_stock	5	148.00 HKD
00758851704873241325	shopify_ZZ_8822191489182_48093438476446	in_stock	6	158.00 HKD
00758851704873241325	shopify_ZZ_8822191358110_48093438345374	in_stock	6	145.00 HKD
00758851704873241325	shopify_ZZ_8822191456414_48093438443678	in_stock	6	148.00 HKD
00758851704873241325	shopify_ZZ_8822191620254_48093438607518	in_stock	5	128.00 HKD
00758851704873241325	shopify_ZZ_8822191816862_48093438804126	in_stock	4	138.00 HKD
00758851704873241325	shopify_ZZ_8822191751326_48093438738590	in_stock	3	149.00 HKD
00758851704873241325	shopify_ZZ_8822191521950_48093438509214	in_stock	6	118.00 HKD
00758851704873241325	shopify_ZZ_8822191554718_48093438541982	in_stock	6	118.00 HKD
00758851704873241325	shopify_ZZ_8822191718558_48093438705822	in_stock	4	98.00 HKD
00758851704873241325	shopify_ZZ_8822191980702_48093438967966	in_stock	1	109.00 HKD
00758851704873241325	shopify_ZZ_8862497439902_48214136881310	in_stock	5	108.00 HKD
00758851704873241325	shopify_ZZ_8822078963870_48093294821534	in_stock	2	79.00 HKD
00758851704873241325	shopify_ZZ_8822078210206_48093294067870	in_stock	6	79.00 HKD
00758851704873241325	shopify_ZZ_8822079488158_48093295345822	in_stock	5	128.00 HKD
00758851704873241325	shopify_ZZ_8822079258782_48093295116446	in_stock	3	119.00 HKD
00758851704873241325	shopify_ZZ_8822188769438_48093433102494	in_stock	5	178.00 HKD
00758851704873241325	shopify_ZZ_8822189097118_48093435166878	in_stock	5	98.00 HKD
00758851704873241325	shopify_ZZ_8822189195422_48093435265182	in_stock	4	138.00 HKD
00758851704873241325	shopify_ZZ_8822230843550_48093499785374	in_stock	10	18.00 HKD
00758851704873241325	shopify_ZZ_8822230515870_48093499359390	in_stock	5	138.00 HKD
00758851704873241325	shopify_ZZ_8822190047390_48093436477598	in_stock	5	85.00 HKD
00758851704873241325	shopify_ZZ_8822188671134_48093432873118	in_stock	6	128.00 HKD
00758851704873241325	shopify_ZZ_8822187917470_48093431529630	in_stock	58	148.00 HKD
00758851704873241325	shopify_ZZ_8822189818014_48093436018846	in_stock	4	79.00 HKD
00758851704873241325	shopify_ZZ_8822188376222_48093431988382	in_stock	8	178.00 HKD
00758851704873241325	shopify_ZZ_8822188540062_48093432742046	in_stock	6	138.00 HKD
00758851704873241325	shopify_ZZ_8822190014622_48093436248222	in_stock	5	138.00 HKD
00758851704873241325	shopify_ZZ_8822189162654_48093435232414	in_stock	5	138.00 HKD
00758851704873241325	shopify_ZZ_8822190440606_48093437427870	in_stock	11	69.00 HKD
00758851704873241325	shopify_ZZ_8860540797086_48207835529374	in_stock	19	125.00 HKD
00758851704873241325	shopify_ZZ_8860540567710_48207834054814	in_stock	19	125.00 HKD
00758851704873241325	shopify_ZZ_8860540928158_48207836348574	in_stock	11	125.00 HKD
00758851704873241325	shopify_ZZ_8860541124766_48207837233310	in_stock	12	125.00 HKD
00758851704873241325	shopify_ZZ_8860540731550_48207835136158	in_stock	11	125.00 HKD
00758851704873241325	shopify_ZZ_8860541911198_48207839854750	in_stock	5	75.00 HKD
00758851704873241325	shopify_ZZ_8860541223070_48207837724830	in_stock	3	75.00 HKD
00758851704873241325	shopify_ZZ_8860542075038_48207840903326	in_stock	5	75.00 HKD
00758851704873241325	shopify_ZZ_8822190375070_48093437362334	in_stock	8	108.00 HKD
00758851704873241325	shopify_ZZ_8822189949086_48093436182686	in_stock	2	78.00 HKD
00758851704873241325	shopify_ZZ_8822244507806_48093568401566	in_stock	3	125.00 HKD
00758851704873241325	shopify_ZZ_8822244081822_48093567352990	in_stock	5	149.00 HKD
00758851704873241325	shopify_ZZ_8822231007390_48093500014750	in_stock	10	18.00 HKD
00758851704873241325	shopify_ZZ_8822230876318_48093499818142	in_stock	4	138.00 HKD
00758851704873241325	shopify_ZZ_8822230253726_48093498736798	in_stock	5	18.00 HKD
00758851704873241325	shopify_ZZ_8822231466142_48093506928798	in_stock	3	138.00 HKD
00758851704873241325	shopify_ZZ_8822231597214_48093507059870	in_stock	7	18.00 HKD
00758851704873241325	shopify_ZZ_8822230450334_48093499261086	in_stock	7	138.00 HKD
00758851704873241325	shopify_ZZ_8822230220958_48093498704030	in_stock	9	18.00 HKD
00758851704873241325	shopify_ZZ_8822231433374_48093506896030	in_stock	3	138.00 HKD
00758851704873241325	shopify_ZZ_8860597878942_48208182313118	in_stock	4	78.00 HKD
00758851704873241325	shopify_ZZ_8860597584030_48208181133470	in_stock	6	78.00 HKD
00758851704873241325	shopify_ZZ_8860597846174_48208182280350	in_stock	5	98.00 HKD
00758851704873241325	shopify_ZZ_8860597813406_48208182247582	in_stock	3	85.00 HKD
00758851704873241325	shopify_ZZ_8819068174494_48083903217822	in_stock	2	125.00 HKD
00758851704873241325	shopify_ZZ_8822190178462_48093436608670	in_stock	32	128.00 HKD
00758851704873241325	shopify_ZZ_8863161680030_48215619895454	in_stock	8	158.00 HKD
00758851704873241325	shopify_ZZ_8822078734494_48093294592158	in_stock	2	119.00 HKD
00758851704873241325	shopify_ZZ_8822188179614_48093431791774	in_stock	10	128.00 HKD
00758851704873241325	shopify_ZZ_8822188015774_48093431627934	in_stock	20	138.00 HKD
00758851704873241325	shopify_ZZ_8860697002142_48208547610782	in_stock	4	230.00 HKD
00758851704873241325	shopify_ZZ_8822188605598_48093432807582	in_stock	6	95.00 HKD
00758851704873241325	shopify_ZZ_8822188802206_48093433135262	in_stock	5	138.00 HKD
00758851704873241325	shopify_ZZ_8822190145694_48093436575902	in_stock	4	138.00 HKD
00758851704873241325	shopify_ZZ_8822188081310_48093431693470	in_stock	17	148.00 HKD
00758851704873241325	shopify_ZZ_8822189031582_48093435101342	in_stock	5	138.00 HKD
00758851704873241325	shopify_ZZ_8822189588638_48093435789470	in_stock	3	138.00 HKD
00758851704873241325	shopify_ZZ_8822189523102_48093435691166	in_stock	3	138.00 HKD
00758851704873241325	shopify_ZZ_8822191063198_48093438050462	in_stock	5	139.00 HKD
00758851704873241325	shopify_ZZ_8822191161502_48093438148766	in_stock	12	108.00 HKD
00758851704873241325	shopify_ZZ_8822190768286_48093437755550	in_stock	10	85.00 HKD
00758851704873241325	shopify_ZZ_8822190964894_48093437952158	in_stock	6	85.00 HKD
00758851704873241325	shopify_ZZ_8822191292574_48093438279838	in_stock	3	138.00 HKD
00758851704873241325	shopify_ZZ_8822191095966_48093438083230	in_stock	4	125.00 HKD
00758851704873241325	shopify_ZZ_8822191227038_48093438214302	in_stock	4	139.00 HKD
00758851704873241325	shopify_ZZ_8822190997662_48093437984926	in_stock	5	138.00 HKD
00758851704873241325	shopify_ZZ_8822191128734_48093438115998	in_stock	4	119.00 HKD
00758851704873241325	shopify_ZZ_8822190899358_48093437886622	in_stock	9	158.00 HKD
00758851704873241325	shopify_ZZ_8822190571678_48093437558942	in_stock	15	108.00 HKD
00758851704873241325	shopify_ZZ_8822190932126_48093437919390	in_stock	8	128.00 HKD
00758851704873241325	shopify_ZZ_8822190669982_48093437657246	in_stock	11	89.00 HKD
00758851704873241325	shopify_ZZ_8822190801054_48093437788318	in_stock	7	42.00 HKD
00758851704873241325	shopify_ZZ_8863155290270_48215612457118	in_stock	28	90.00 HKD
00758851704873241325	shopify_ZZ_8822190833822_48093437821086	in_stock	9	108.00 HKD
00758851704873241325	shopify_ZZ_8822190506142_48093437493406	in_stock	20	138.00 HKD
00758851704873241325	shopify_ZZ_8863163449502_48215621664926	in_stock	2	298.00 HKD
00758851704873241325	shopify_ZZ_8822190538910_48093437526174	in_stock	17	220.00 HKD
00758851704873241325	shopify_ZZ_8822190702750_48093437690014	in_stock	7	159.00 HKD
00758851704873241325	shopify_ZZ_8822190604446_48093437591710	in_stock	15	215.00 HKD
00758851704873241325	shopify_ZZ_8822190637214_48093437624478	in_stock	13	89.00 HKD
00758851704873241325	shopify_ZZ_8822191194270_48093438181534	in_stock	2	118.00 HKD
00758851704873241325	shopify_ZZ_8817695916190_48079608938654	in_stock	4	115.00 HKD
00758851704873241325	shopify_ZZ_8817695916190_48079608971422	in_stock	9	115.00 HKD
00758851704873241325	shopify_ZZ_8822240903326_48093557555358	in_stock	8	119.00 HKD
00758851704873241325	shopify_ZZ_8822240805022_48093557457054	in_stock	9	125.00 HKD
00758851704873241325	shopify_ZZ_8863163154590_48215621370014	in_stock	4	189.00 HKD
00758851704873241325	shopify_ZZ_8860780691614_48208773972126	in_stock	23	15.00 HKD
00758851704873241325	shopify_ZZ_8860780855454_48208774365342	in_stock	19	15.00 HKD
00758851704873241325	shopify_ZZ_8860782002334_48208778657950	in_stock	30	15.00 HKD
00758851704873241325	shopify_ZZ_8860780396702_48208772563102	in_stock	28	15.00 HKD
00758851704873241325	shopify_ZZ_8817720688798_48079670837406	in_stock	1	78.00 HKD
00758851704873241325	shopify_ZZ_8817720688798_48079670870174	in_stock	2	78.00 HKD
00758851704873241325	shopify_ZZ_8817720688798_48079670902942	in_stock	6	78.00 HKD
00758851704873241325	shopify_ZZ_8817720688798_48079670935710	in_stock	6	78.00 HKD
00758851704873241325	shopify_ZZ_8822241656990_48093559685278	in_stock	1	148.00 HKD
00758851704873241325	shopify_ZZ_8817720787102_48079671263390	in_stock	8	62.00 HKD
00758851704873241325	shopify_ZZ_8817720787102_48079671296158	in_stock	5	62.00 HKD
00758851704873241325	shopify_ZZ_8817720819870_48079671394462	in_stock	3	85.00 HKD
00758851704873241325	shopify_ZZ_8817720819870_48079677882526	in_stock	4	85.00 HKD
00758851704873241325	shopify_ZZ_8817720819870_48079677915294	in_stock	3	85.00 HKD
00758851704873241325	shopify_ZZ_8835128918174_48142381940894	in_stock	4	48.00 HKD
00758851704873241325	shopify_ZZ_8835128754334_48142380761246	in_stock	4	98.00 HKD
00758851704873241325	shopify_ZZ_8835129049246_48142382465182	in_stock	10	118.00 HKD
00758851704873241325	shopify_ZZ_8835129376926_48142383612062	in_stock	6	118.00 HKD
00758851704873241325	shopify_ZZ_8835129114782_48142382727326	in_stock	7	10.00 HKD
00758851704873241325	shopify_ZZ_8835129737374_48142384726174	in_stock	18	119.00 HKD
00758851704873241325	shopify_ZZ_8835129245854_48142383317150	in_stock	6	149.00 HKD
00758851704873241325	shopify_ZZ_8835129540766_48142384234654	in_stock	3	98.00 HKD
00758851704873241325	shopify_ZZ_8835129507998_48142384201886	in_stock	4	118.00 HKD
00758851704873241325	shopify_ZZ_8835129606302_48142384300190	in_stock	6	158.00 HKD
00758851704873241325	shopify_ZZ_8835128688798_48142380499102	in_stock	8	78.00 HKD
00758851704873241325	shopify_ZZ_8860690022558_48208523034782	in_stock	4	78.00 HKD
00758851704873241325	shopify_ZZ_8860689957022_48208522969246	in_stock	4	85.00 HKD
00758851704873241325	shopify_ZZ_8860838068382_48208943775902	in_stock	10	89.00 HKD
00758851704873241325	shopify_ZZ_8822244638878_48093568532638	in_stock	3	75.00 HKD
00758851704873241325	shopify_ZZ_8822243983518_48093567156382	in_stock	6	75.00 HKD
00758851704873241325	shopify_ZZ_8822243885214_48093567058078	in_stock	8	75.00 HKD
00758851704873241325	shopify_ZZ_8822244245662_48093567680670	in_stock	5	118.00 HKD
00758851704873241325	shopify_ZZ_8822189326494_48093435363486	in_stock	4	98.00 HKD
00758851704873241325	shopify_ZZ_8822244737182_48093568893086	in_stock	2	79.00 HKD
00758851704873241325	shopify_ZZ_8822243852446_48093567025310	in_stock	2	79.00 HKD
00758851704873241325	shopify_ZZ_8859354431646_48202514956446	in_stock	11	79.00 HKD
00758851704873241325	shopify_ZZ_8835157688478_48142494466206	in_stock	1	188.00 HKD
00758851704873241325	shopify_ZZ_8835157655710_48142494433438	in_stock	5	210.00 HKD
00758851704873241325	shopify_ZZ_8822244343966_48093568106654	in_stock	4	139.00 HKD
00758851704873241325	shopify_ZZ_8822244147358_48093567451294	in_stock	5	75.00 HKD
00758851704873241325	shopify_ZZ_8822244212894_48093567516830	in_stock	5	129.00 HKD
00758851704873241325	shopify_ZZ_8861469769886_48211028541598	in_stock	5	109.00 HKD
00758851704873241325	shopify_ZZ_8822240968862_48093557620894	in_stock	5	78.00 HKD
00758851704873241325	shopify_ZZ_8822241329310_48093558964382	in_stock	4	139.00 HKD
00758851704873241325	shopify_ZZ_8822231335070_48093506797726	in_stock	3	125.00 HKD
00758851704873241325	shopify_ZZ_8822077423774_48093293150366	in_stock	8	156.00 HKD
00758851704873241325	shopify_ZZ_8822188966046_48093435003038	in_stock	4	78.00 HKD
00758851704873241325	shopify_ZZ_8817822236830_48079927410846	in_stock	8	95.00 HKD
00758851704873241325	shopify_ZZ_8817822236830_48079927378078	in_stock	11	95.00 HKD
00758851704873241325	shopify_ZZ_8817822236830_48079927345310	in_stock	6	95.00 HKD
00758851704873241325	shopify_ZZ_8835157917854_48142494793886	in_stock	4	168.00 HKD
00758851704873241325	shopify_ZZ_8835157819550_48142494695582	in_stock	6	138.00 HKD
00758851704873241325	shopify_ZZ_8835157950622_48142494826654	in_stock	1	154.00 HKD
00758851704873241325	shopify_ZZ_8822244409502_48093568172190	in_stock	4	109.00 HKD
00758851704873241325	shopify_ZZ_8822244704414_48093568860318	in_stock	1	127.00 HKD
00758851704873241325	shopify_ZZ_8822188736670_48093433069726	in_stock	4	119.00 HKD
00758851704873241325	shopify_ZZ_8822230745246_48093499687070	in_stock	4	99.00 HKD
00758851704873241325	shopify_ZZ_8822077751454_48093293609118	in_stock	6	109.00 HKD
00758851704873241325	shopify_ZZ_8822230646942_48093499588766	in_stock	7	108.00 HKD
00758851704873241325	shopify_ZZ_8819064307870_48083894796446	in_stock	4	210.00 HKD
00758851704873241325	shopify_ZZ_8819064307870_48083894829214	in_stock	5	210.00 HKD
00758851704873241325	shopify_ZZ_8819064307870_48083894861982	in_stock	5	210.00 HKD
00758851704873241325	shopify_ZZ_8819064307870_48083894894750	in_stock	8	210.00 HKD
00758851704873241325	shopify_ZZ_8822187983006_48093431595166	in_stock	23	138.00 HKD
00758851704873241325	shopify_ZZ_8822189850782_48093436051614	in_stock	2	69.00 HKD
00758851704873241325	shopify_ZZ_8822188212382_48093431824542	in_stock	9	138.00 HKD
00758851704873241325	shopify_ZZ_8822244278430_48093567713438	in_stock	5	129.00 HKD
00758851704873241325	shopify_ZZ_8822244573342_48093568467102	in_stock	3	138.00 HKD
00758851704873241325	shopify_ZZ_8822244540574_48093568434334	in_stock	3	139.00 HKD
00758851704873241325	shopify_ZZ_8822244376734_48093568139422	in_stock	3	149.00 HKD
00758851704873241325	shopify_ZZ_8863147851934_48215600660638	in_stock	1	109.00 HKD
00758851704873241325	shopify_ZZ_8819067191454_48083900629150	in_stock	5	178.00 HKD
00758851704873241325	shopify_ZZ_8819067191454_48083900661918	in_stock	5	178.00 HKD
00758851704873241325	shopify_ZZ_8819067191454_48083900694686	in_stock	7	178.00 HKD
00758851704873241325	shopify_ZZ_8822244442270_48093568204958	in_stock	3	85.00 HKD
00758851704873241325	shopify_ZZ_8863041618078_48215373840542	in_stock	6	128.00 HKD
00758851704873241325	shopify_ZZ_8863148802206_48215602561182	in_stock	5	248.00 HKD
00758851704873241325	shopify_ZZ_8863434473630_48216189763742	in_stock	4	149.00 HKD
00758851704873241325	shopify_ZZ_8863037915294_48215369515166	in_stock	4	85.00 HKD
00758851704873241325	shopify_ZZ_8863041749150_48215373971614	in_stock	4	180.00 HKD
00758851704873241325	shopify_ZZ_8863041781918_48215374004382	in_stock	3	68.00 HKD
00758851704873241325	shopify_ZZ_8863435030686_48216190779550	in_stock	3	89.00 HKD
00758851704873241325	shopify_ZZ_8822242836638_48093564043422	in_stock	6	218.00 HKD
00758851704873241325	shopify_ZZ_8822242672798_48093563551902	in_stock	6	298.00 HKD
00758851704873241325	shopify_ZZ_8822242574494_48093563125918	in_stock	8	198.00 HKD
00758851704873241325	shopify_ZZ_8822242640030_48093563519134	in_stock	6	298.00 HKD
00758851704873241325	shopify_ZZ_8822242705566_48093563584670	in_stock	5	189.00 HKD
00758851704873241325	shopify_ZZ_8822242803870_48093564010654	in_stock	3	189.00 HKD
00758851704873241325	shopify_ZZ_8822242738334_48093563617438	in_stock	4	148.00 HKD
00758851704873241325	shopify_ZZ_8817720656030_48079670771870	in_stock	5	122.00 HKD
00758851704873241325	shopify_ZZ_8817720656030_48079670804638	in_stock	4	122.00 HKD
00758851704873241325	shopify_ZZ_8822240936094_48093557588126	in_stock	8	115.00 HKD
00758851704873241325	shopify_ZZ_8817694933150_48079606939806	in_stock	6	138.00 HKD
00758851704873241325	shopify_ZZ_8817694933150_48079606972574	in_stock	5	138.00 HKD
00758851704873241325	shopify_ZZ_8817694933150_48079607005342	in_stock	3	138.00 HKD
00758851704873241325	shopify_ZZ_8817695785118_48079608709278	in_stock	1	260.00 HKD
00758851704873241325	shopify_ZZ_8863148998814_48215602888862	in_stock	3	138.00 HKD
00758851704873241325	shopify_ZZ_8860515762334_48207659761822	in_stock	4	109.00 HKD
00758851704873241325	shopify_ZZ_8822086402206_48093303668894	in_stock	4	75.00 HKD
00758851704873241325	shopify_ZZ_8822089711774_48093307633822	in_stock	6	148.00 HKD
00758851704873241325	shopify_ZZ_8822084731038_48093301964958	in_stock	5	175.00 HKD
00758851704873241325	shopify_ZZ_8822088302750_48093306224798	in_stock	2	119.00 HKD
00758851704873241325	shopify_ZZ_8822090039454_48093307961502	in_stock	6	118.00 HKD
00758851704873241325	shopify_ZZ_8822088761502_48093306683550	in_stock	3	158.00 HKD
00758851704873241325	shopify_ZZ_8822082699422_48093299769502	in_stock	5	118.00 HKD
00758851704873241325	shopify_ZZ_8822082994334_48093300064414	in_stock	6	105.00 HKD
00758851704873241325	shopify_ZZ_8822089875614_48093307797662	in_stock	6	158.00 HKD
00758851704873241325	shopify_ZZ_8822081585310_48093298655390	in_stock	7	95.00 HKD
00758851704873241325	shopify_ZZ_8822085615774_48093302849694	in_stock	5	148.00 HKD
00758851704873241325	shopify_ZZ_8822081421470_48093298491550	in_stock	5	18.00 HKD
00758851704873241325	shopify_ZZ_8822081912990_48093298983070	in_stock	8	89.00 HKD
00758851704873241325	shopify_ZZ_8822082109598_48093299179678	in_stock	8	95.00 HKD
00758851704873241325	shopify_ZZ_8860600500382_48208200859806	in_stock	5	118.00 HKD
00758851704873241325	shopify_ZZ_8860600402078_48208200564894	in_stock	4	98.00 HKD
00758851704873241325	shopify_ZZ_8860831088798_48208911990942	in_stock	2	78.00 HKD
00758851704873241325	shopify_ZZ_8860831514782_48208914448542	in_stock	1	78.00 HKD
00758851704873241325	shopify_ZZ_8860832989342_48208920674462	in_stock	4	78.00 HKD
00758851704873241325	shopify_ZZ_8860834496670_48208931127454	in_stock	2	78.00 HKD
00758851704873241325	shopify_ZZ_8864573096094_48218295664798	in_stock	6	59.00 HKD
00758851704873241325	shopify_ZZ_8864568574110_48218290323614	in_stock	10	59.00 HKD
00758851704873241325	shopify_ZZ_8863165448350_48215623762078	in_stock	9	59.00 HKD
00758851704873241325	shopify_ZZ_8864566804638_48218287243422	in_stock	3	59.00 HKD
00758851704873241325	shopify_ZZ_8863152177310_48215608197278	in_stock	1	79.00 HKD
00758851704873241325	shopify_ZZ_8864569065630_48218291011742	in_stock	7	118.00 HKD
00758851704873241325	shopify_ZZ_8861468000414_48211024576670	in_stock	8	59.00 HKD
00758851704873241325	shopify_ZZ_8863154405534_48215611474078	in_stock	8	79.00 HKD
00758851704873241325	shopify_ZZ_8864574865566_48218298024094	in_stock	3	79.00 HKD
00758851704873241325	shopify_ZZ_8864574537886_48218297696414	in_stock	10	79.00 HKD
00758851704873241325	shopify_ZZ_8864568148126_48218289897630	in_stock	8	79.00 HKD
00758851704873241325	shopify_ZZ_8864570278046_48218292289694	in_stock	4	79.00 HKD
00758851704873241325	shopify_ZZ_8864572113054_48218294288542	in_stock	5	118.00 HKD
00758851704873241325	shopify_ZZ_8864574242974_48218297401502	in_stock	11	92.00 HKD
00758851704873241325	shopify_ZZ_8864569458846_48218291404958	in_stock	3	92.00 HKD
00758851704873241325	shopify_ZZ_8864570015902_48218291994782	in_stock	4	92.00 HKD
00758851704873241325	shopify_ZZ_8864575815838_48218298974366	in_stock	5	59.00 HKD
00758851704873241325	shopify_ZZ_8864575488158_48218298646686	in_stock	4	59.00 HKD
00758851704873241325	shopify_ZZ_8864570933406_48218292945054	in_stock	5	59.00 HKD
00758851704873241325	shopify_ZZ_8864573882526_48218296909982	in_stock	22	79.00 HKD
00758851704873241325	shopify_ZZ_8819376717982_48084483637406	in_stock	8	168.00 HKD
00758851704873241325	shopify_ZZ_8819374031006_48084476985502	in_stock	2	108.00 HKD
00758851704873241325	shopify_ZZ_8819372425374_48084473020574	in_stock	3	188.00 HKD
00758851704873241325	shopify_ZZ_8819372425374_48084473053342	in_stock	1	188.00 HKD
00758851704873241325	shopify_ZZ_8819372425374_48084473086110	in_stock	4	188.00 HKD
00758851704873241325	shopify_ZZ_8819376259230_48084482916510	in_stock	3	148.00 HKD
00758851704873241325	shopify_ZZ_8819376619678_48084483539102	in_stock	3	168.00 HKD
00758851704873241325	shopify_ZZ_8819375505566_48084480557214	in_stock	7	105.00 HKD
00758851704873241325	shopify_ZZ_8819375505566_48084480589982	in_stock	6	105.00 HKD
00758851704873241325	shopify_ZZ_8819375505566_48084480655518	in_stock	1	105.00 HKD
00758851704873241325	shopify_ZZ_8819375505566_48084480622750	in_stock	6	105.00 HKD
00758851704873241325	shopify_ZZ_8819374817438_48084479246494	in_stock	8	105.00 HKD
00758851704873241325	shopify_ZZ_8819374817438_48084479279262	in_stock	7	105.00 HKD
00758851704873241325	shopify_ZZ_8819374817438_48084479312030	in_stock	7	105.00 HKD
00758851704873241325	shopify_ZZ_8819374817438_48084479344798	in_stock	6	105.00 HKD
00758851704873241325	shopify_ZZ_8819371638942_48084472037534	in_stock	12	178.00 HKD
00758851704873241325	shopify_ZZ_8819371638942_48084472070302	in_stock	7	178.00 HKD
00758851704873241325	shopify_ZZ_8819372032158_48084472594590	in_stock	1	188.00 HKD
00758851704873241325	shopify_ZZ_8819372032158_48084472627358	in_stock	2	188.00 HKD
00758851704873241325	shopify_ZZ_8819371638942_48084472103070	in_stock	9	178.00 HKD
00758851704873241325	shopify_ZZ_8819372032158_48084472561822	in_stock	3	188.00 HKD
00758851704873241325	shopify_ZZ_8819372916894_48084474331294	in_stock	15	109.00 HKD
00758851704873241325	shopify_ZZ_8819372916894_48084474364062	in_stock	5	109.00 HKD
00758851704873241325	shopify_ZZ_8819372916894_48084474396830	out_of_stock	0	109.00 HKD
00758851704873241325	shopify_ZZ_8819372949662_48084474626206	in_stock	9	109.00 HKD
00758851704873241325	shopify_ZZ_8819372949662_48084474658974	in_stock	3	109.00 HKD
00758851704873241325	shopify_ZZ_8861467705502_48211024281758	in_stock	2	85.00 HKD
00758851704873241325	shopify_ZZ_8863434866846_48216190484638	in_stock	1	189.00 HKD
00758851704873241325	shopify_ZZ_8829356212382_48116538474654	in_stock	2	158.00 HKD
00758851704873241325	shopify_ZZ_8829356048542_48116538310814	in_stock	1	139.00 HKD
00758851704873241325	shopify_ZZ_8835160637598_48142513635486	in_stock	5	148.00 HKD
00758851704873241325	shopify_ZZ_8835160604830_48142513602718	in_stock	5	120.00 HKD
00758851704873241325	shopify_ZZ_8835160703134_48142513701022	in_stock	3	168.00 HKD
00758851704873241325	shopify_ZZ_8835160735902_48142513733790	in_stock	5	168.00 HKD
00758851704873241325	shopify_ZZ_8861469180062_48211027689630	in_stock	4	75.00 HKD
00758851704873241325	shopify_ZZ_8860607643806_48208267346078	in_stock	5	98.00 HKD
00758851704873241325	shopify_ZZ_8863149064350_48215602954398	in_stock	22	68.00 HKD
00758851704873241325	shopify_ZZ_8863433097374_48216188354718	in_stock	19	68.00 HKD
00758851704873241325	shopify_ZZ_8863155617950_48215612784798	in_stock	12	65.00 HKD
00758851704873241325	shopify_ZZ_8863036899486_48215368499358	in_stock	11	68.00 HKD
00758851704873241325	shopify_ZZ_8863155945630_48215613112478	in_stock	5	68.00 HKD
00758851704873241325	shopify_ZZ_8863165972638_48215624286366	in_stock	2	128.00 HKD
00758851704873241325	shopify_ZZ_8817720819870_48079677948062	in_stock	6	85.00 HKD
00758851704873241325	shopify_ZZ_8817694933150_48079607038110	in_stock	4	138.00 HKD
00758851704873241325	shopify_ZZ_8817720819870_48079671427230	in_stock	4	85.00 HKD
00758851704873241325	shopify_ZZ_8817720819870_48079671459998	in_stock	6	85.00 HKD
00758851704873241325	shopify_ZZ_8817695260830_48079627518110	in_stock	3	155.00 HKD
00758851704873241325	shopify_ZZ_8817695260830_48079627550878	in_stock	6	155.00 HKD
00758851704873241325	shopify_ZZ_8817695260830_48079627583646	in_stock	4	155.00 HKD
00758851704873241325	shopify_ZZ_8817695490206_48079608021150	in_stock	6	85.00 HKD
00758851704873241325	shopify_ZZ_8817695490206_48079608053918	in_stock	2	85.00 HKD
00758851704873241325	shopify_ZZ_8817695490206_48079608086686	in_stock	2	85.00 HKD
00758851704873241325	shopify_ZZ_8817695490206_48079608119454	in_stock	2	85.00 HKD
00758851704873241325	shopify_ZZ_8817695490206_48079608152222	in_stock	5	85.00 HKD
00758851704873241325	shopify_ZZ_8817695490206_48079608184990	in_stock	4	85.00 HKD
00758851704873241325	shopify_ZZ_8817695490206_48079608217758	in_stock	6	85.00 HKD
00758851704873241325	shopify_ZZ_8861467312286_48211023134878	in_stock	4	118.00 HKD
00758851704873241325	shopify_ZZ_8863041683614_48215373906078	in_stock	2	680.00 HKD
00758851704873241325	shopify_ZZ_8863156273310_48215613440158	in_stock	4	149.00 HKD
00758851704873241325	shopify_ZZ_8863036407966_48215368007838	in_stock	2	298.00 HKD
00758851704873241325	shopify_ZZ_8807260618910_48049610260638	in_stock	3	128.00 HKD
00758851704873241325	shopify_ZZ_8863041716382_48215373938846	in_stock	1	498.00 HKD
00758851704873241325	shopify_ZZ_8829355950238_48116538212510	in_stock	2	149.00 HKD
00758851704873241325	shopify_ZZ_8829356540062_48116539195550	in_stock	4	98.00 HKD
00758851704873241325	shopify_ZZ_8829355917470_48116538179742	in_stock	1	149.00 HKD
00758851704873241325	shopify_ZZ_8829356081310_48116538343582	in_stock	1	125.00 HKD
00758851704873241325	shopify_ZZ_8822244049054_48093567320222	in_stock	7	59.00 HKD
00758851704873241325	shopify_ZZ_8822194045086_48093445226654	in_stock	3	128.00 HKD
00758851704873241325	shopify_ZZ_8822193782942_48093444702366	in_stock	5	146.00 HKD
00758851704873241325	shopify_ZZ_8822189654174_48093435822238	in_stock	2	138.00 HKD
00758851704873241325	shopify_ZZ_8822189424798_48093435592862	in_stock	4	148.00 HKD
00758851704873241325	shopify_ZZ_8822190243998_48093436641438	in_stock	5	55.00 HKD
00758851704873241325	shopify_ZZ_8822189686942_48093435855006	in_stock	1	138.00 HKD
00758851704873241325	shopify_ZZ_8822189260958_48093435330718	in_stock	5	118.00 HKD
00758851704873241325	shopify_ZZ_8822188277918_48093431890078	in_stock	8	108.00 HKD
00758851704873241325	shopify_ZZ_8822188114078_48093431726238	in_stock	10	168.00 HKD
00758851704873241325	shopify_ZZ_8822188048542_48093431660702	in_stock	17	128.00 HKD
00758851704873241325	shopify_ZZ_8822188867742_48093434380446	in_stock	3	138.00 HKD
00758851704873241325	shopify_ZZ_8822188572830_48093432774814	in_stock	6	118.00 HKD
00758851704873241325	shopify_ZZ_8822190309534_48093437296798	in_stock	6	118.00 HKD
00758851704873241325	shopify_ZZ_8822188146846_48093431759006	in_stock	10	138.00 HKD
00758851704873241325	shopify_ZZ_8822189490334_48093435658398	in_stock	3	138.00 HKD
00758851704873241325	shopify_ZZ_8822188474526_48093432676510	in_stock	6	98.00 HKD
00758851704873241325	shopify_ZZ_8822189359262_48093435527326	in_stock	4	138.00 HKD
00758851704873241325	shopify_ZZ_8822188245150_48093431857310	in_stock	8	138.00 HKD
00758851704873241325	shopify_ZZ_8822189457566_48093435625630	in_stock	2	138.00 HKD
00758851704873241325	shopify_ZZ_8822189064350_48093435134110	in_stock	3	108.00 HKD
00758851704873241325	shopify_ZZ_8863432081566_48216187306142	in_stock	2	188.00 HKD
00758851704873241325	shopify_ZZ_8863148605598_48215602069662	in_stock	1	188.00 HKD
00758851704873241325	shopify_ZZ_8863148408990_48215601873054	in_stock	4	188.00 HKD
00758851704873241325	shopify_ZZ_8822077063326_48093292789918	in_stock	18	99.00 HKD
00758851704873241325	shopify_ZZ_8818698715294_48082980602014	in_stock	5	115.00 HKD
00758851704873241325	shopify_ZZ_8818698715294_48082980634782	in_stock	5	115.00 HKD
00758851704873241325	shopify_ZZ_8818698715294_48082980667550	in_stock	5	115.00 HKD
00758851704873241325	shopify_ZZ_8818698715294_48082980700318	in_stock	5	115.00 HKD
00758851704873241325	shopify_ZZ_8818698715294_48082980733086	in_stock	3	115.00 HKD
00758851704873241325	shopify_ZZ_8818698715294_48082980765854	in_stock	4	115.00 HKD
00758851704873241325	shopify_ZZ_8818698715294_48082980798622	in_stock	5	115.00 HKD
00758851704873241325	shopify_ZZ_8822077259934_48093292986526	in_stock	12	108.00 HKD
00758851704873241325	shopify_ZZ_8822078439582_48093294297246	in_stock	2	128.00 HKD
00758851704873241325	shopify_ZZ_8817825546398_48079934521502	in_stock	10	128.00 HKD
00758851704873241325	shopify_ZZ_8817825546398_48079934554270	in_stock	3	128.00 HKD
00758851704873241325	shopify_ZZ_8817823678622_48079929180318	in_stock	6	78.00 HKD
00758851704873241325	shopify_ZZ_8817823678622_48079929213086	in_stock	4	78.00 HKD
00758851704873241325	shopify_ZZ_8817824202910_48079930556574	in_stock	2	148.00 HKD
00758851704873241325	shopify_ZZ_8817824202910_48079930589342	out_of_stock	0	148.00 HKD
00758851704873241325	shopify_ZZ_8817824202910_48079930622110	in_stock	8	148.00 HKD
00758851704873241325	shopify_ZZ_8817824202910_48079930654878	in_stock	2	148.00 HKD
00758851704873241325	shopify_ZZ_8817824202910_48079930687646	in_stock	5	148.00 HKD
00758851704873241325	shopify_ZZ_8817824202910_48079930720414	in_stock	5	148.00 HKD
00758851704873241325	shopify_ZZ_8835157721246_48142494498974	in_stock	5	126.00 HKD
00758851704873241325	shopify_ZZ_8817825546398_48079934587038	in_stock	5	128.00 HKD
00758851704873241325	shopify_ZZ_8817823678622_48079929245854	in_stock	6	78.00 HKD
00758851704873241325	shopify_ZZ_8817822236830_48079927476382	in_stock	8	95.00 HKD
00758851704873241325	shopify_ZZ_8817823678622_48079929376926	in_stock	5	78.00 HKD
00758851704873241325	shopify_ZZ_8817823678622_48079929278622	in_stock	5	78.00 HKD
00758851704873241325	shopify_ZZ_8817823678622_48079929311390	in_stock	5	78.00 HKD
00758851704873241325	shopify_ZZ_8817823678622_48079929409694	in_stock	4	78.00 HKD
00758851704873241325	shopify_ZZ_8817825546398_48079934619806	in_stock	4	128.00 HKD
00758851704873241325	shopify_ZZ_8817822236830_48079927509150	in_stock	8	95.00 HKD
00758851704873241325	shopify_ZZ_8817822236830_48079927541918	in_stock	8	95.00 HKD
00758851704873241325	shopify_ZZ_8817720819870_48079671492766	in_stock	4	85.00 HKD
00758851704873241325	shopify_ZZ_8817720819870_48079671525534	in_stock	4	85.00 HKD
00758851704873241325	shopify_ZZ_8822240870558_48093557522590	in_stock	9	115.00 HKD
00758851704873241325	shopify_ZZ_8822241362078_48093558997150	in_stock	4	128.00 HKD
00758851704873241325	shopify_ZZ_8822241067166_48093557850270	in_stock	5	98.00 HKD
00758851704873241325	shopify_ZZ_8835157590174_48142494367902	in_stock	5	188.00 HKD
00758851704873241325	shopify_ZZ_8822243917982_48093567090846	in_stock	6	105.00 HKD
00758851704873241325	shopify_ZZ_8835157622942_48142494400670	in_stock	3	168.00 HKD
00758851704873241325	shopify_ZZ_8835157754014_48142494630046	in_stock	5	188.00 HKD
00758851704873241325	shopify_ZZ_8835157491870_48142494204062	in_stock	1	196.00 HKD
00758851704873241325	shopify_ZZ_8819068108958_48083902890142	in_stock	6	145.00 HKD
00758851704873241325	shopify_ZZ_8819068108958_48083902922910	in_stock	3	145.00 HKD
00758851704873241325	shopify_ZZ_8819066470558_48083899023518	in_stock	5	175.00 HKD
00758851704873241325	shopify_ZZ_8819066470558_48083899056286	in_stock	6	175.00 HKD
00758851704873241325	shopify_ZZ_8819066470558_48083899089054	in_stock	4	175.00 HKD
00758851704873241325	shopify_ZZ_8863163842718_48215622058142	in_stock	3	138.00 HKD
00758851704873241325	shopify_ZZ_8860398944414_48206465007774	in_stock	12	39.00 HKD
00758851704873241325	shopify_ZZ_8863420088478_48216168038558	in_stock	2	98.00 HKD
00758851704873241325	shopify_ZZ_8826873413790_48109042565278	out_of_stock	0	158.00 HKD
00758851704873241325	shopify_ZZ_8826873413790_48109042696350	out_of_stock	0	158.00 HKD
00758851704873241325	shopify_ZZ_8862499897502_48214139666590	in_stock	3	129.00 HKD
00758851704873241325	shopify_ZZ_8860825649310_48208880566430	in_stock	1	19.00 HKD
00758851704873241325	shopify_ZZ_8826642825374_48108118048926	out_of_stock	0	
00758851704873241325	shopify_ZZ_8826642825374_48108118081694	out_of_stock	0	
00758851704873241325	shopify_ZZ_8826642825374_48108118114462	out_of_stock	0	
00758851704873241325	shopify_ZZ_8826642825374_48108118704286	out_of_stock	0	
00758851704873241325	shopify_ZZ_8826642825374_48108118769822	out_of_stock	0	
00758851704873241325	shopify_ZZ_8826796736670_48108731465886	out_of_stock	0	
00758851704873241325	shopify_ZZ_8826796736670_48108731498654	out_of_stock	0	
00758851704873241325	shopify_ZZ_8826796736670_48108731531422	out_of_stock	0	
00758851704873241325	shopify_ZZ_8826796736670_48108732121246	out_of_stock	0	
00758851704873241325	shopify_ZZ_8826796736670_48108732186782	out_of_stock	0	
00758851704873241325	shopify_ZZ_8826822885534_48108836159646	out_of_stock	0	
00758851704873241325	shopify_ZZ_8826822885534_48108836192414	out_of_stock	0	
00758851704873241325	shopify_ZZ_8826822885534_48108836225182	out_of_stock	0	
00758851704873241325	shopify_ZZ_8826822885534_48108836815006	out_of_stock	0	
00758851704873241325	shopify_ZZ_8826822885534_48108836880542	out_of_stock	0	
00758851704873241325	shopify_ZZ_8826844643486_48108924371102	out_of_stock	0	
00758851704873241325	shopify_ZZ_8826844643486_48108924403870	out_of_stock	0	
00758851704873241325	shopify_ZZ_8826844643486_48108924436638	out_of_stock	0	
00758851704873241325	shopify_ZZ_8826844643486_48108925026462	out_of_stock	0	
00758851704873241325	shopify_ZZ_8826844643486_48108925091998	out_of_stock	0	
00758851704873241325	shopify_ZZ_8826873413790_48109042368670	out_of_stock	0	
00758851704873241325	shopify_ZZ_8826873413790_48109042401438	out_of_stock	0	
00758851704873241325	shopify_ZZ_8826873413790_48109042434206	out_of_stock	0	
00758851704873241325	shopify_ZZ_8826873413790_48109042466974	out_of_stock	0	
00758851704873241325	shopify_ZZ_8826873413790_48109042499742	out_of_stock	0	
00758851704873241325	shopify_ZZ_8826873413790_48109042532510	out_of_stock	0	
00758851704873241325	shopify_ZZ_8826873413790_48109042598046	out_of_stock	0	
00758851704873241325	shopify_ZZ_8826873413790_48109042630814	out_of_stock	0	
00758851704873241325	shopify_ZZ_8826873413790_48109042663582	out_of_stock	0	
00758851704873241325	shopify_ZZ_8826873413790_48109042729118	out_of_stock	0	
00758851704873241325	shopify_ZZ_8826873413790_48109042761886	out_of_stock	0	
00758851704873241325	shopify_ZZ_8826873413790_48109042794654	out_of_stock	0	
00758851704873241325	shopify_ZZ_8826873413790_48109042827422	out_of_stock	0	
00758851704873241325	shopify_ZZ_8826873413790_48109042860190	out_of_stock	0	
00758851704873241325	shopify_ZZ_8826873413790_48109042892958	out_of_stock	0	
00758851704873241325	shopify_ZZ_8826873413790_48109042925726	out_of_stock	0	
00758851704873241325	shopify_ZZ_8826873413790_48109042958494	out_of_stock	0	
00758851704873241325	shopify_ZZ_8826873413790_48109042991262	out_of_stock	0	
00758851704873241325	shopify_ZZ_8826873413790_48109043024030	out_of_stock	0	
00758851704873241325	shopify_ZZ_8826873413790_48109043056798	out_of_stock	0	
00758851704873241325	shopify_ZZ_8826873413790_48109043089566	out_of_stock	0	
00758851704873241325	shopify_ZZ_8826873413790_48109043122334	out_of_stock	0	
00758851704873241325	shopify_ZZ_8826873413790_48109043155102	out_of_stock	0	
00758851704873241325	shopify_ZZ_8826889470110_48109106856094	out_of_stock	0	
00758851704873241325	shopify_ZZ_8826889470110_48109106888862	out_of_stock	0	
00758851704873241325	shopify_ZZ_8826889470110_48109106921630	out_of_stock	0	
00758851704873241325	shopify_ZZ_8826889470110_48109107511454	out_of_stock	0	
00758851704873241325	shopify_ZZ_8826889470110_48109107576990	out_of_stock	0	
00758851704873241325	shopify_ZZ_8826902413470_48109159252126	out_of_stock	0	
00758851704873241325	shopify_ZZ_8826902413470_48109159284894	out_of_stock	0	
00758851704873241325	shopify_ZZ_8826902413470_48109159317662	out_of_stock	0	
00758851704873241325	shopify_ZZ_8826902413470_48109159907486	out_of_stock	0	
00758851704873241325	shopify_ZZ_8826902413470_48109159973022	out_of_stock	0	
00758851704873241325	shopify_ZZ_8826907328670_48109179666590	out_of_stock	0	
00758851704873241325	shopify_ZZ_8826907328670_48109179699358	out_of_stock	0	
00758851704873241325	shopify_ZZ_8826907328670_48109179732126	out_of_stock	0	
00758851704873241325	shopify_ZZ_8826907328670_48109180321950	out_of_stock	0	
00758851704873241325	shopify_ZZ_8826907328670_48109180387486	out_of_stock	0	
00758851704873241325	shopify_ZZ_8826907689118_48109181796510	out_of_stock	0	
00758851704873241325	shopify_ZZ_8826907689118_48109181829278	out_of_stock	0	
00758851704873241325	shopify_ZZ_8826907689118_48109181862046	out_of_stock	0	
00758851704873241325	shopify_ZZ_8826907689118_48109182451870	out_of_stock	0	
00758851704873241325	shopify_ZZ_8826907689118_48109182517406	out_of_stock	0	
00758851704873241325	shopify_ZZ_8826924662942_48109250347166	out_of_stock	0	
00758851704873241325	shopify_ZZ_8826924662942_48109250379934	out_of_stock	0	
00758851704873241325	shopify_ZZ_8826924662942_48109250412702	out_of_stock	0	
00758851704873241325	shopify_ZZ_8826924662942_48109250445470	out_of_stock	0	
00758851704873241325	shopify_ZZ_8826924662942_48109250478238	out_of_stock	0	
00758851704873241325	shopify_ZZ_8826924662942_48109250511006	out_of_stock	0	
00758851704873241325	shopify_ZZ_8826924662942_48109250543774	out_of_stock	0	
00758851704873241325	shopify_ZZ_8826924662942_48109250576542	out_of_stock	0	
00758851704873241325	shopify_ZZ_8826924662942_48109250609310	out_of_stock	0	
00758851704873241325	shopify_ZZ_8826924662942_48109250642078	out_of_stock	0	
00758851704873241325	shopify_ZZ_8826924662942_48109250674846	out_of_stock	0	
00758851704873241325	shopify_ZZ_8826924662942_48109250707614	out_of_stock	0	
00758851704873241325	shopify_ZZ_8826924662942_48109250740382	out_of_stock	0	
00758851704873241325	shopify_ZZ_8826924662942_48109250773150	out_of_stock	0	
00758851704873241325	shopify_ZZ_8826924662942_48109250805918	out_of_stock	0	
00758851704873241325	shopify_ZZ_8826924662942_48109250838686	out_of_stock	0	
00758851704873241325	shopify_ZZ_8826924662942_48109250904222	out_of_stock	0	
00758851704873241325	shopify_ZZ_8826924662942_48109250936990	out_of_stock	0	
00758851704873241325	shopify_ZZ_8826924662942_48109250969758	out_of_stock	0	
00758851704873241325	shopify_ZZ_8826924662942_48109251002526	out_of_stock	0	
00758851704873241325	shopify_ZZ_8826924662942_48109251035294	out_of_stock	0	
00758851704873241325	shopify_ZZ_8826924662942_48109251068062	out_of_stock	0	
00758851704873241325	shopify_ZZ_8826924662942_48109251100830	out_of_stock	0	
00758851704873241325	shopify_ZZ_8826924662942_48109251133598	out_of_stock	0	
00758851704873241325	shopify_ZZ_8826947993758_48109344260254	out_of_stock	0	
00758851704873241325	shopify_ZZ_8826947993758_48109344293022	out_of_stock	0	
00758851704873241325	shopify_ZZ_8826947993758_48109344325790	out_of_stock	0	
00758851704873241325	shopify_ZZ_8826947993758_48109344358558	out_of_stock	0	
00758851704873241325	shopify_ZZ_8826947993758_48109344391326	out_of_stock	0	
00758851704873241325	shopify_ZZ_8826947993758_48109344424094	out_of_stock	0	
00758851704873241325	shopify_ZZ_8826947993758_48109344456862	out_of_stock	0	
00758851704873241325	shopify_ZZ_8826947993758_48109344489630	out_of_stock	0	
00758851704873241325	shopify_ZZ_8826947993758_48109344522398	out_of_stock	0	
00758851704873241325	shopify_ZZ_8826947993758_48109344555166	out_of_stock	0	
00758851704873241325	shopify_ZZ_8826947993758_48109344587934	out_of_stock	0	
00758851704873241325	shopify_ZZ_8826947993758_48109344620702	out_of_stock	0	
00758851704873241325	shopify_ZZ_8826947993758_48109344653470	out_of_stock	0	
00758851704873241325	shopify_ZZ_8826947993758_48109344686238	out_of_stock	0	
00758851704873241325	shopify_ZZ_8826947993758_48109344719006	out_of_stock	0	
00758851704873241325	shopify_ZZ_8826947993758_48109344751774	out_of_stock	0	
00758851704873241325	shopify_ZZ_8826947993758_48109344817310	out_of_stock	0	
00758851704873241325	shopify_ZZ_8826947993758_48109344850078	out_of_stock	0	
00758851704873241325	shopify_ZZ_8826947993758_48109344882846	out_of_stock	0	
00758851704873241325	shopify_ZZ_8826947993758_48109344915614	out_of_stock	0	
00758851704873241325	shopify_ZZ_8826947993758_48109344948382	out_of_stock	0	
00758851704873241325	shopify_ZZ_8826947993758_48109344981150	out_of_stock	0	
00758851704873241325	shopify_ZZ_8826947993758_48109345013918	out_of_stock	0	
00758851704873241325	shopify_ZZ_8826947993758_48109345046686	out_of_stock	0	
00758851704873241325	shopify_ZZ_8826969948318_48109432799390	out_of_stock	0	
00758851704873241325	shopify_ZZ_8826969948318_48109432832158	out_of_stock	0	
00758851704873241325	shopify_ZZ_8826969948318_48109432864926	out_of_stock	0	
00758851704873241325	shopify_ZZ_8826969948318_48109433454750	out_of_stock	0	
00758851704873241325	shopify_ZZ_8826969948318_48109433520286	out_of_stock	0	
00758851704873241325	shopify_ZZ_8826994131102_48109530874014	out_of_stock	0	
00758851704873241325	shopify_ZZ_8826994131102_48109530906782	out_of_stock	0	
00758851704873241325	shopify_ZZ_8826994131102_48109530939550	out_of_stock	0	
00758851704873241325	shopify_ZZ_8826994131102_48109531529374	out_of_stock	0	
00758851704873241325	shopify_ZZ_8826994131102_48109531594910	out_of_stock	0	
00758851704873241325	shopify_ZZ_8827014971550_48109615579294	out_of_stock	0	
00758851704873241325	shopify_ZZ_8827014971550_48109615612062	out_of_stock	0	
00758851704873241325	shopify_ZZ_8827014971550_48109615644830	out_of_stock	0	
00758851704873241325	shopify_ZZ_8827014971550_48109616234654	out_of_stock	0	
00758851704873241325	shopify_ZZ_8827014971550_48109616300190	out_of_stock	0	
00758851704873241325	shopify_ZZ_8827036598430_48109702250654	out_of_stock	0	
00758851704873241325	shopify_ZZ_8827036598430_48109702283422	out_of_stock	0	
00758851704873241325	shopify_ZZ_8827036598430_48109702316190	out_of_stock	0	
00758851704873241325	shopify_ZZ_8827036598430_48109702348958	out_of_stock	0	
00758851704873241325	shopify_ZZ_8827036598430_48109702381726	out_of_stock	0	
00758851704873241325	shopify_ZZ_8827036598430_48109702414494	out_of_stock	0	
00758851704873241325	shopify_ZZ_8827036598430_48109702447262	out_of_stock	0	
00758851704873241325	shopify_ZZ_8827036598430_48109702480030	out_of_stock	0	
00758851704873241325	shopify_ZZ_8827036598430_48109702512798	out_of_stock	0	
00758851704873241325	shopify_ZZ_8827036598430_48109702578334	out_of_stock	0	
00758851704873241325	shopify_ZZ_8827036598430_48109702611102	out_of_stock	0	
00758851704873241325	shopify_ZZ_8827036598430_48109702643870	out_of_stock	0	
00758851704873241325	shopify_ZZ_8827036598430_48109702676638	out_of_stock	0	
00758851704873241325	shopify_ZZ_8827036598430_48109702709406	out_of_stock	0	
00758851704873241325	shopify_ZZ_8827036598430_48109702742174	out_of_stock	0	
00758851704873241325	shopify_ZZ_8827036598430_48109702774942	out_of_stock	0	
00758851704873241325	shopify_ZZ_8827036598430_48109702807710	out_of_stock	0	
00758851704873241325	shopify_ZZ_8827036598430_48109702840478	out_of_stock	0	
00758851704873241325	shopify_ZZ_8827036598430_48109702873246	out_of_stock	0	
00758851704873241325	shopify_ZZ_8827036598430_48109702906014	out_of_stock	0	
00758851704873241325	shopify_ZZ_8827036598430_48109702938782	out_of_stock	0	
00758851704873241325	shopify_ZZ_8827036598430_48109702971550	out_of_stock	0	
00758851704873241325	shopify_ZZ_8827036598430_48109703004318	out_of_stock	0	
00758851704873241325	shopify_ZZ_8827036598430_48109703037086	out_of_stock	0	
00758851704873241325	shopify_ZZ_8827057078430_48109784924318	out_of_stock	0	
00758851704873241325	shopify_ZZ_8827057078430_48109784957086	out_of_stock	0	
00758851704873241325	shopify_ZZ_8827057078430_48109784989854	out_of_stock	0	
00758851704873241325	shopify_ZZ_8827057078430_48109785579678	out_of_stock	0	
00758851704873241325	shopify_ZZ_8827057078430_48109785645214	out_of_stock	0	
00758851704873241325	shopify_ZZ_8827078115486_48109869793438	out_of_stock	0	
00758851704873241325	shopify_ZZ_8827078115486_48109869826206	out_of_stock	0	
00758851704873241325	shopify_ZZ_8827078115486_48109869858974	out_of_stock	0	
00758851704873241325	shopify_ZZ_8827078115486_48109870448798	out_of_stock	0	
00758851704873241325	shopify_ZZ_8827078115486_48109870514334	out_of_stock	0	
00758851704873241325	shopify_ZZ_8827099087006_48109954629790	out_of_stock	0	
00758851704873241325	shopify_ZZ_8827099087006_48109954662558	out_of_stock	0	
00758851704873241325	shopify_ZZ_8827099087006_48109954695326	out_of_stock	0	
00758851704873241325	shopify_ZZ_8827099087006_48109955285150	out_of_stock	0	
00758851704873241325	shopify_ZZ_8827099087006_48109955350686	out_of_stock	0	
00758851704873241325	shopify_ZZ_8827120550046_48110040744094	out_of_stock	0	
00758851704873241325	shopify_ZZ_8827120550046_48110040776862	out_of_stock	0	
00758851704873241325	shopify_ZZ_8827120550046_48110040809630	out_of_stock	0	
00758851704873241325	shopify_ZZ_8827120550046_48110040842398	out_of_stock	0	
00758851704873241325	shopify_ZZ_8827120550046_48110040875166	out_of_stock	0	
00758851704873241325	shopify_ZZ_8827120550046_48110040907934	out_of_stock	0	
00758851704873241325	shopify_ZZ_8827120550046_48110040940702	out_of_stock	0	
00758851704873241325	shopify_ZZ_8827120550046_48110040973470	out_of_stock	0	
00758851704873241325	shopify_ZZ_8827120550046_48110041006238	out_of_stock	0	
00758851704873241325	shopify_ZZ_8827120550046_48110041039006	out_of_stock	0	
00758851704873241325	shopify_ZZ_8827120550046_48110041104542	out_of_stock	0	
00758851704873241325	shopify_ZZ_8827120550046_48110041137310	out_of_stock	0	
00758851704873241325	shopify_ZZ_8827120550046_48110041170078	out_of_stock	0	
00758851704873241325	shopify_ZZ_8827120550046_48110041202846	out_of_stock	0	
00758851704873241325	shopify_ZZ_8827120550046_48110041235614	out_of_stock	0	
00758851704873241325	shopify_ZZ_8827120550046_48110041268382	out_of_stock	0	
00758851704873241325	shopify_ZZ_8827120550046_48110041301150	out_of_stock	0	
00758851704873241325	shopify_ZZ_8827120550046_48110041333918	out_of_stock	0	
00758851704873241325	shopify_ZZ_8827120550046_48110041366686	out_of_stock	0	
00758851704873241325	shopify_ZZ_8827120550046_48110041399454	out_of_stock	0	
00758851704873241325	shopify_ZZ_8827120550046_48110041432222	out_of_stock	0	
00758851704873241325	shopify_ZZ_8827120550046_48110041464990	out_of_stock	0	
00758851704873241325	shopify_ZZ_8827120550046_48110041497758	out_of_stock	0	
00758851704873241325	shopify_ZZ_8827120550046_48110041530526	out_of_stock	0	
00758851704873241325	shopify_ZZ_8827143061662_48110131347614	out_of_stock	0	
00758851704873241325	shopify_ZZ_8827143061662_48110131380382	out_of_stock	0	
00758851704873241325	shopify_ZZ_8827143061662_48110131413150	out_of_stock	0	
00758851704873241325	shopify_ZZ_8827143061662_48110131445918	out_of_stock	0	
00758851704873241325	shopify_ZZ_8827143061662_48110131478686	out_of_stock	0	
00758851704873241325	shopify_ZZ_8827143061662_48110131511454	out_of_stock	0	
00758851704873241325	shopify_ZZ_8827143061662_48110131544222	out_of_stock	0	
00758851704873241325	shopify_ZZ_8827143061662_48110131576990	out_of_stock	0	
00758851704873241325	shopify_ZZ_8827143061662_48110131609758	out_of_stock	0	
00758851704873241325	shopify_ZZ_8827143061662_48110131642526	out_of_stock	0	
00758851704873241325	shopify_ZZ_8827143061662_48110131675294	out_of_stock	0	
00758851704873241325	shopify_ZZ_8827143061662_48110131708062	out_of_stock	0	
00758851704873241325	shopify_ZZ_8827143061662_48110131740830	out_of_stock	0	
00758851704873241325	shopify_ZZ_8827143061662_48110131773598	out_of_stock	0	
00758851704873241325	shopify_ZZ_8827143061662_48110131806366	out_of_stock	0	
00758851704873241325	shopify_ZZ_8827143061662_48110131839134	out_of_stock	0	
00758851704873241325	shopify_ZZ_8827143061662_48110131871902	out_of_stock	0	
00758851704873241325	shopify_ZZ_8827143061662_48110131904670	out_of_stock	0	
00758851704873241325	shopify_ZZ_8827143061662_48110131937438	out_of_stock	0	
00758851704873241325	shopify_ZZ_8827143061662_48110132002974	out_of_stock	0	
00758851704873241325	shopify_ZZ_8827143061662_48110132035742	out_of_stock	0	
00758851704873241325	shopify_ZZ_8827143061662_48110132068510	out_of_stock	0	
00758851704873241325	shopify_ZZ_8827143061662_48110132101278	out_of_stock	0	
00758851704873241325	shopify_ZZ_8827143061662_48110132134046	out_of_stock	0	
00758851704873241325	shopify_ZZ_8827162394782_48110210089118	out_of_stock	0	
00758851704873241325	shopify_ZZ_8827162394782_48110210121886	out_of_stock	0	
00758851704873241325	shopify_ZZ_8827162394782_48110210154654	out_of_stock	0	
00758851704873241325	shopify_ZZ_8827162394782_48110210744478	out_of_stock	0	
00758851704873241325	shopify_ZZ_8827162394782_48110210810014	out_of_stock	0	
00758851704873241325	shopify_ZZ_8827169177758_48110238007454	out_of_stock	0	
00758851704873241325	shopify_ZZ_8827169177758_48110238040222	out_of_stock	0	
00758851704873241325	shopify_ZZ_8827169177758_48110238072990	out_of_stock	0	
00758851704873241325	shopify_ZZ_8827169177758_48110238662814	out_of_stock	0	
00758851704873241325	shopify_ZZ_8827169177758_48110238728350	out_of_stock	0	
00758851704873241325	shopify_ZZ_8827171143838_48110248689822	out_of_stock	0	
00758851704873241325	shopify_ZZ_8827171143838_48110248722590	out_of_stock	0	
00758851704873241325	shopify_ZZ_8827171143838_48110248755358	out_of_stock	0	
00758851704873241325	shopify_ZZ_8827171143838_48110249345182	out_of_stock	0	
00758851704873241325	shopify_ZZ_8827171143838_48110249410718	out_of_stock	0	
00758851704873241325	shopify_ZZ_8827171176606_48110249509022	out_of_stock	0	
00758851704873241325	shopify_ZZ_8827171176606_48110249541790	out_of_stock	0	
00758851704873241325	shopify_ZZ_8827171176606_48110249574558	out_of_stock	0	
00758851704873241325	shopify_ZZ_8827171176606_48110250164382	out_of_stock	0	
00758851704873241325	shopify_ZZ_8827171176606_48110250229918	out_of_stock	0	
00758851704873241325	shopify_ZZ_8827184808094_48110305247390	out_of_stock	0	
00758851704873241325	shopify_ZZ_8827184808094_48110305280158	out_of_stock	0	
00758851704873241325	shopify_ZZ_8827184808094_48110305312926	out_of_stock	0	
00758851704873241325	shopify_ZZ_8827184808094_48110305902750	out_of_stock	0	
00758851704873241325	shopify_ZZ_8827184808094_48110305968286	out_of_stock	0	
00758851704873241325	shopify_ZZ_8827208597662_48110403715230	out_of_stock	0	
00758851704873241325	shopify_ZZ_8827208597662_48110403747998	out_of_stock	0	
00758851704873241325	shopify_ZZ_8827208597662_48110403780766	out_of_stock	0	
00758851704873241325	shopify_ZZ_8827208597662_48110404370590	out_of_stock	0	
00758851704873241325	shopify_ZZ_8827208597662_48110404436126	out_of_stock	0	
00758851704873241325	shopify_ZZ_8827231731870_48110497235102	out_of_stock	0	
00758851704873241325	shopify_ZZ_8827231731870_48110497267870	out_of_stock	0	
00758851704873241325	shopify_ZZ_8827231731870_48110497300638	out_of_stock	0	
00758851704873241325	shopify_ZZ_8827231731870_48110497890462	out_of_stock	0	
00758851704873241325	shopify_ZZ_8827231731870_48110497955998	out_of_stock	0	
00758851704873241325	shopify_ZZ_8827257061534_48110599340190	out_of_stock	0	
00758851704873241325	shopify_ZZ_8827257061534_48110599372958	out_of_stock	0	
00758851704873241325	shopify_ZZ_8827257061534_48110599405726	out_of_stock	0	
00758851704873241325	shopify_ZZ_8827257061534_48110599995550	out_of_stock	0	
00758851704873241325	shopify_ZZ_8827257061534_48110600061086	out_of_stock	0	
00758851704873241325	shopify_ZZ_8827281473694_48110698004638	out_of_stock	0	
00758851704873241325	shopify_ZZ_8827281473694_48110698037406	out_of_stock	0	
00758851704873241325	shopify_ZZ_8827281473694_48110698070174	out_of_stock	0	
00758851704873241325	shopify_ZZ_8827281473694_48110698102942	out_of_stock	0	
00758851704873241325	shopify_ZZ_8827281473694_48110698135710	out_of_stock	0	
00758851704873241325	shopify_ZZ_8827281473694_48110698168478	out_of_stock	0	
00758851704873241325	shopify_ZZ_8827281473694_48110698201246	out_of_stock	0	
00758851704873241325	shopify_ZZ_8827281473694_48110698234014	out_of_stock	0	
00758851704873241325	shopify_ZZ_8827281473694_48110698266782	out_of_stock	0	
00758851704873241325	shopify_ZZ_8827281473694_48110698299550	out_of_stock	0	
00758851704873241325	shopify_ZZ_8827281473694_48110698332318	out_of_stock	0	
00758851704873241325	shopify_ZZ_8827281473694_48110698365086	out_of_stock	0	
00758851704873241325	shopify_ZZ_8827281473694_48110698397854	out_of_stock	0	
00758851704873241325	shopify_ZZ_8827281473694_48110698430622	out_of_stock	0	
00758851704873241325	shopify_ZZ_8827281473694_48110698463390	out_of_stock	0	
00758851704873241325	shopify_ZZ_8827281473694_48110698496158	out_of_stock	0	
00758851704873241325	shopify_ZZ_8827281473694_48110698561694	out_of_stock	0	
00758851704873241325	shopify_ZZ_8827281473694_48110698594462	out_of_stock	0	
00758851704873241325	shopify_ZZ_8827281473694_48110698627230	out_of_stock	0	
00758851704873241325	shopify_ZZ_8827281473694_48110698659998	out_of_stock	0	
00758851704873241325	shopify_ZZ_8827281473694_48110698692766	out_of_stock	0	
00758851704873241325	shopify_ZZ_8827281473694_48110698725534	out_of_stock	0	
00758851704873241325	shopify_ZZ_8827281473694_48110698758302	out_of_stock	0	
00758851704873241325	shopify_ZZ_8827281473694_48110698791070	out_of_stock	0	
00758851704873241325	shopify_ZZ_8827305722014_48110796374174	out_of_stock	0	
00758851704873241325	shopify_ZZ_8827305722014_48110796406942	out_of_stock	0	
00758851704873241325	shopify_ZZ_8827305722014_48110796439710	out_of_stock	0	
00758851704873241325	shopify_ZZ_8827305722014_48110797029534	out_of_stock	0	
00758851704873241325	shopify_ZZ_8827305722014_48110797095070	out_of_stock	0	
